datetime,KQ.i@DCE.y.open,KQ.i@DCE.y.high,KQ.i@DCE.y.low,KQ.i@DCE.y.close,KQ.i@DCE.y.volume,KQ.i@DCE.y.open_oi,KQ.i@DCE.y.close_oi
2016-06-01 00:00:00.000000000,5975.137,6001.403,5936.028,5963.063,289878,470329,463100
2016-06-02 00:00:00.000000000,5939.159,6073.034,5917.041,6062.517,347314,463100,458268
2016-06-03 00:00:00.000000000,6087.01,6154.639,6069.704,6153.996,389996,458268,452960
2016-06-06 00:00:00.000000000,6181.345,6223.164,6113.793,6214.534,296034,452960,461456
2016-06-07 00:00:00.000000000,6234.134,6283.083,6152.402,6275.792,383515,461456,487504
2016-06-08 00:00:00.000000000,6236.689,6264.602,6181.951,6209.427,321595,487504,494562
2016-06-13 00:00:00.000000000,6317.166,6318.561,6171.303,6181.264,295031,494562,497912
2016-06-14 00:00:00.000000000,6166.45,6220.72,6091.068,6126.911,342738,497912,488224
2016-06-15 00:00:00.000000000,6140.192,6178.571,6054.888,6059.612,311867,488224,484763
2016-06-16 00:00:00.000000000,6077.533,6092.95,5963.325,5974.615,327124,484763,484983
2016-06-17 00:00:00.000000000,5964.961,6012.048,5894.312,6006.224,359082,484983,482377
2016-06-20 00:00:00.000000000,6025.431,6048.758,5975.483,6015.051,298358,482377,502719
2016-06-21 00:00:00.000000000,5994.491,6111.188,5984.534,6026.718,440893,502719,500730
2016-06-22 00:00:00.000000000,5999.668,6094.713,5989.04,6076.759,283333,500730,497823
2016-06-23 00:00:00.000000000,6071.251,6118.203,6028.622,6055.798,316139,497823,494596
2016-06-24 00:00:00.000000000,6070.705,6099.108,5965.674,5974.44,396173,494596,491663
2016-06-27 00:00:00.000000000,5965.753,6105.215,5957.717,6097.081,300117,491663,493869
2016-06-28 00:00:00.000000000,6078.612,6194.567,6077.721,6167.555,435480,493869,502633
2016-06-29 00:00:00.000000000,6176.12,6206.674,6107.217,6144.133,331790,502633,522280
2016-06-30 00:00:00.000000000,6139.678,6233.389,6114.796,6231.315,428062,522280,543979
2016-07-01 00:00:00.000000000,6218.404,6367.886,6207.966,6304.297,583401,543979,573334
2016-07-04 00:00:00.000000000,6316.76,6546.607,6310.022,6470.345,740262,573334,600326
2016-07-05 00:00:00.000000000,6499.767,6580.327,6212.701,6399.542,802922,600326,580965
2016-07-06 00:00:00.000000000,6405.254,6440.963,6182.413,6182.413,534269,580965,582071
2016-07-07 00:00:00.000000000,6116.867,6145.838,6004.516,6050.774,685579,582071,533860
2016-07-08 00:00:00.000000000,6094.876,6140.316,5971.264,6048.998,507003,533860,543082
2016-07-11 00:00:00.000000000,6086.791,6172.553,6065.128,6131.221,398744,543082,543340
2016-07-12 00:00:00.000000000,6122.758,6167.436,6067.583,6112.115,388494,543340,555904
2016-07-13 00:00:00.000000000,6103.313,6259.89,6101.4,6218.306,460483,555904,555771
2016-07-14 00:00:00.000000000,6256.383,6279.738,6177.451,6266.974,450358,555771,574725
2016-07-15 00:00:00.000000000,6283.302,6291.611,6165.352,6244.767,478042,574725,578494
2016-07-18 00:00:00.000000000,6223.425,6285.589,6190.576,6223.866,502096,578494,569174
2016-07-19 00:00:00.000000000,6205.696,6227.803,6121.653,6171.113,456804,569174,573282
2016-07-20 00:00:00.000000000,6177.885,6283.211,6139.563,6272.102,449404,573282,575860
2016-07-21 00:00:00.000000000,6262.165,6301.066,6225.574,6238.477,510882,575860,583183
2016-07-22 00:00:00.000000000,6250.62,6269.734,6105.799,6139.799,459961,583183,586888
2016-07-25 00:00:00.000000000,6123.207,6147.397,6044.755,6086.68,354128,586888,582693
2016-07-26 00:00:00.000000000,6055.19,6072.97,5988.689,6052.511,356653,582693,582427
2016-07-27 00:00:00.000000000,6048.499,6097.781,6039.934,6048.924,295821,582427,580297
2016-07-28 00:00:00.000000000,6070.947,6084.549,6024.792,6032.792,316954,580297,589822
2016-07-29 00:00:00.000000000,6017.028,6076.185,5988.938,6009.302,401764,589822,562174
2016-08-01 00:00:00.000000000,6024.905,6148.255,6018.905,6124.435,365168,562174,557257
2016-08-02 00:00:00.000000000,6109.915,6140.001,6049.211,6103.286,302783,557257,555586
2016-08-03 00:00:00.000000000,6111.703,6147.941,6088.976,6132.583,325897,555586,562708
2016-08-04 00:00:00.000000000,6190.362,6191.911,6103.843,6155.193,325465,562708,550958
2016-08-05 00:00:00.000000000,6178.879,6182.553,6116.913,6120.803,322429,550958,545630
2016-08-08 00:00:00.000000000,6114.766,6201.83,6094.766,6189.542,339245,545630,518855
2016-08-09 00:00:00.000000000,6199.859,6264.735,6172.651,6249.132,317459,518855,518456
2016-08-10 00:00:00.000000000,6240.47,6272.631,6204.93,6222.845,254420,518456,526580
2016-08-11 00:00:00.000000000,6263.359,6265.108,6143.353,6146.272,324418,526580,535202
2016-08-12 00:00:00.000000000,6154.108,6216.889,6141.112,6208.148,293601,535202,523943
2016-08-15 00:00:00.000000000,6201.924,6367.832,6164.354,6343.964,464122,523943,538308
2016-08-16 00:00:00.000000000,6356.542,6389.834,6325.694,6376.885,373029,538308,538114
2016-08-17 00:00:00.000000000,6380.817,6417.321,6330.721,6383.741,342489,538114,543543
2016-08-18 00:00:00.000000000,6404.923,6465.333,6374.999,6418.067,464753,543543,546496
2016-08-19 00:00:00.000000000,6392.496,6447.955,6373.785,6419.144,306497,546496,539754
2016-08-22 00:00:00.000000000,6388.306,6447.881,6353.711,6357.262,310666,539754,523908
2016-08-23 00:00:00.000000000,6331.9,6392.148,6326.028,6374.956,208228,523908,525716
2016-08-24 00:00:00.000000000,6396.493,6448.461,6388.412,6422.266,294024,525716,531539
2016-08-25 00:00:00.000000000,6414.406,6422.296,6269.552,6329.711,400368,531539,499809
2016-08-26 00:00:00.000000000,6316.526,6329.688,6248.287,6284.886,249048,499809,484467
2016-08-29 00:00:00.000000000,6305.601,6325.443,6264.446,6281.561,223390,484467,491311
2016-08-30 00:00:00.000000000,6260.696,6317.208,6253.0,6295.013,224746,491311,499200
2016-08-31 00:00:00.000000000,6289.806,6326.748,6182.083,6191.662,354466,499200,491278
2016-09-01 00:00:00.000000000,6190.52,6210.63,6158.74,6184.995,206940,491278,487861
2016-09-02 00:00:00.000000000,6192.468,6240.995,6171.488,6202.728,245297,487861,483554
2016-09-05 00:00:00.000000000,6233.519,6302.489,6223.022,6271.189,294663,483554,491224
2016-09-06 00:00:00.000000000,6272.71,6343.103,6265.917,6326.254,246893,491224,492185
2016-09-07 00:00:00.000000000,6306.417,6323.188,6270.881,6293.038,233675,492185,491385
2016-09-08 00:00:00.000000000,6287.43,6316.235,6256.297,6305.715,252852,491385,491088
2016-09-09 00:00:00.000000000,6315.865,6356.023,6304.809,6351.156,291591,491088,494754
2016-09-12 00:00:00.000000000,6337.154,6345.733,6232.565,6235.271,269404,494754,483712
2016-09-13 00:00:00.000000000,6221.749,6271.43,6199.673,6268.741,281601,483712,468759
2016-09-14 00:00:00.000000000,6229.632,6231.97,6110.767,6117.153,292595,468759,476871
2016-09-19 00:00:00.000000000,6165.984,6230.733,6165.61,6217.984,147917,476871,458552
2016-09-20 00:00:00.000000000,6256.418,6404.87,6246.425,6391.646,563578,458552,474383
2016-09-21 00:00:00.000000000,6366.114,6398.208,6341.726,6364.971,365541,474383,471623
2016-09-22 00:00:00.000000000,6347.191,6448.777,6341.168,6380.789,374432,471623,488950
2016-09-23 00:00:00.000000000,6418.23,6454.58,6370.276,6403.833,279033,488950,491557
2016-09-26 00:00:00.000000000,6371.978,6485.072,6362.425,6464.684,313006,491557,513874
2016-09-27 00:00:00.000000000,6449.975,6465.986,6348.838,6391.179,290129,513874,497510
2016-09-28 00:00:00.000000000,6357.446,6379.823,6303.877,6326.29,316693,497510,482914
2016-09-29 00:00:00.000000000,6293.695,6365.864,6281.014,6295.083,289514,482914,466389
2016-09-30 00:00:00.000000000,6300.085,6333.271,6265.021,6322.245,246812,466389,441452
2016-10-10 00:00:00.000000000,6303.412,6357.689,6281.545,6352.52,203561,441452,436273
2016-10-11 00:00:00.000000000,6338.686,6474.92,6336.153,6462.398,375787,436273,482582
2016-10-12 00:00:00.000000000,6466.039,6479.905,6390.727,6418.157,375391,482582,489294
2016-10-13 00:00:00.000000000,6439.013,6484.479,6331.62,6342.975,492831,489294,494731
2016-10-14 00:00:00.000000000,6347.681,6411.717,6269.137,6409.772,371728,494731,483764
2016-10-17 00:00:00.000000000,6419.001,6650.037,6418.14,6647.002,807523,483764,573518
2016-10-18 00:00:00.000000000,6667.752,6685.227,6593.075,6651.921,499362,573518,563286
2016-10-19 00:00:00.000000000,6559.712,6740.833,6544.104,6712.199,570711,563286,599950
2016-10-20 00:00:00.000000000,6701.199,6763.807,6659.026,6660.541,504565,599950,605323
2016-10-21 00:00:00.000000000,6644.341,6691.899,6550.701,6603.185,493276,605323,574214
2016-10-24 00:00:00.000000000,6619.938,6753.719,6579.192,6749.841,440197,574214,588208
2016-10-25 00:00:00.000000000,6801.42,6912.391,6736.963,6748.311,627771,588208,595843
2016-10-26 00:00:00.000000000,6744.683,6847.807,6723.947,6844.009,534289,595843,600231
2016-10-27 00:00:00.000000000,6851.131,6863.833,6748.402,6749.582,405925,600231,602458
2016-10-28 00:00:00.000000000,6744.734,6807.397,6706.491,6796.982,376199,602458,593511
2016-10-31 00:00:00.000000000,6780.366,6803.096,6701.241,6742.764,383060,593511,584315
2016-11-01 00:00:00.000000000,6708.393,6800.307,6693.39,6702.392,389374,584315,577958
2016-11-02 00:00:00.000000000,6683.813,6733.143,6621.541,6657.813,429763,577958,560261
2016-11-03 00:00:00.000000000,6686.386,6692.899,6630.479,6653.596,264575,560261,560167
2016-11-04 00:00:00.000000000,6682.716,6721.099,6605.802,6607.103,369413,560167,556922
2016-11-07 00:00:00.000000000,6587.814,6725.814,6579.597,6698.412,323353,556922,547335
2016-11-08 00:00:00.000000000,6715.443,6798.208,6673.742,6786.179,404771,547335,543514
2016-11-09 00:00:00.000000000,6797.623,6818.779,6662.939,6698.684,389595,543514,539325
2016-11-10 00:00:00.000000000,6727.914,6844.669,6659.91,6765.12,638424,539325,555277
2016-11-11 00:00:00.000000000,6768.037,6969.28,6726.33,6841.101,905767,555277,578546
2016-11-14 00:00:00.000000000,6836.682,6904.025,6515.087,6570.611,848842,578546,510080
2016-11-15 00:00:00.000000000,6542.277,6659.833,6538.498,6608.042,328430,510080,501415
2016-11-16 00:00:00.000000000,6596.467,6710.787,6594.842,6703.019,296609,501415,497775
2016-11-17 00:00:00.000000000,6695.837,6718.666,6642.824,6681.449,267732,497775,508535
2016-11-18 00:00:00.000000000,6698.637,6712.484,6631.126,6657.93,253723,508535,509610
2016-11-21 00:00:00.000000000,6675.389,6768.537,6653.438,6751.545,343663,509610,503226
2016-11-22 00:00:00.000000000,6756.235,6814.277,6737.581,6776.184,327963,503226,501205
2016-11-23 00:00:00.000000000,6764.066,6815.316,6751.091,6783.422,320814,501205,506411
2016-11-24 00:00:00.000000000,6783.885,7124.164,6722.027,6988.878,759001,506411,505765
2016-11-25 00:00:00.000000000,7005.708,7137.678,6981.887,7109.948,541427,505765,527329
2016-11-28 00:00:00.000000000,7117.272,7196.113,7043.953,7154.555,570735,527329,554385
2016-11-29 00:00:00.000000000,7168.979,7177.767,7069.725,7082.552,428381,554385,553058
2016-11-30 00:00:00.000000000,7057.261,7175.751,7003.34,7120.624,649468,553058,548085
2016-12-01 00:00:00.000000000,7186.179,7239.701,7093.279,7128.554,559711,548085,550796
2016-12-02 00:00:00.000000000,7141.021,7211.178,7074.894,7157.753,455989,550796,543243
2016-12-05 00:00:00.000000000,7147.547,7185.799,7083.591,7152.122,420708,543243,550674
2016-12-06 00:00:00.000000000,7179.978,7203.181,7120.332,7129.775,321028,550674,543570
2016-12-07 00:00:00.000000000,7209.964,7227.459,7121.806,7173.571,384715,543570,552322
2016-12-08 00:00:00.000000000,7151.287,7179.284,7107.275,7126.537,329292,552322,548687
2016-12-09 00:00:00.000000000,7136.964,7137.36,7032.288,7092.818,348998,548687,513542
2016-12-12 00:00:00.000000000,7076.352,7250.898,7055.531,7188.502,392962,513542,512177
2016-12-13 00:00:00.000000000,7176.1,7211.542,7100.249,7140.147,292085,512177,513296
2016-12-14 00:00:00.000000000,7165.677,7173.838,7081.699,7107.292,302730,513296,492744
2016-12-15 00:00:00.000000000,7099.257,7192.703,7048.164,7156.183,354632,492744,475055
2016-12-16 00:00:00.000000000,7150.688,7252.575,7137.286,7155.694,363178,475055,466082
2016-12-19 00:00:00.000000000,7158.203,7338.453,7149.728,7210.336,565526,466082,472869
2016-12-20 00:00:00.000000000,7184.549,7193.827,7031.386,7080.287,486531,472869,444086
2016-12-21 00:00:00.000000000,7092.855,7130.13,7039.364,7098.762,272789,444086,440276
2016-12-22 00:00:00.000000000,7105.293,7126.245,6981.542,6982.48,301025,440276,440362
2016-12-23 00:00:00.000000000,6968.83,6987.506,6860.722,6891.008,383002,440362,428850
2016-12-26 00:00:00.000000000,6930.346,6941.189,6790.705,6873.177,306480,428850,439187
2016-12-27 00:00:00.000000000,6879.176,7002.272,6856.882,6995.418,241426,439187,430338
2016-12-28 00:00:00.000000000,6993.598,7052.972,6973.727,6999.768,268542,430338,435215
2016-12-29 00:00:00.000000000,6994.785,7040.762,6956.458,7001.818,225144,435215,433456
2016-12-30 00:00:00.000000000,7022.034,7042.847,6966.284,6987.412,149256,433456,431321
2017-01-03 00:00:00.000000000,6985.921,7063.099,6950.221,6958.043,200185,431321,436610
2017-01-04 00:00:00.000000000,6976.311,7004.226,6835.442,6892.349,318438,436610,460397
2017-01-05 00:00:00.000000000,6917.809,6940.262,6865.964,6885.991,217259,460397,461959
2017-01-06 00:00:00.000000000,6880.34,6911.78,6810.749,6814.679,197602,461959,473432
2017-01-09 00:00:00.000000000,6843.85,6862.739,6796.965,6838.715,225914,473432,466219
2017-01-10 00:00:00.000000000,6830.785,6912.784,6830.785,6894.017,225846,466219,452370
2017-01-11 00:00:00.000000000,6875.171,6967.116,6871.598,6965.118,254948,452370,447955
2017-01-12 00:00:00.000000000,6965.905,6979.467,6919.229,6949.208,187408,447955,451950
2017-01-13 00:00:00.000000000,6949.041,7011.463,6913.469,6953.041,208329,451950,455165
2017-01-16 00:00:00.000000000,6945.532,7038.098,6925.96,7020.098,216756,455165,445959
2017-01-17 00:00:00.000000000,7031.967,7081.748,6989.081,7039.53,231571,445959,448713
2017-01-18 00:00:00.000000000,7055.717,7058.812,6991.759,7035.035,209968,448713,444353
2017-01-19 00:00:00.000000000,7022.645,7082.72,7008.626,7025.078,198664,444353,438684
2017-01-20 00:00:00.000000000,7028.875,7051.796,6993.742,7015.846,152312,438684,426402
2017-01-23 00:00:00.000000000,7010.193,7012.658,6964.02,6991.067,144229,426402,422259
2017-01-24 00:00:00.000000000,6986.007,7101.462,6977.496,7085.313,197471,422259,424015
2017-01-25 00:00:00.000000000,7089.594,7089.594,6983.22,7002.735,152392,424015,422221
2017-01-26 00:00:00.000000000,7005.066,7042.526,6945.125,6955.175,139723,422221,424360
2017-02-03 00:00:00.000000000,6958.804,6977.784,6857.51,6873.081,133899,424360,435460
2017-02-06 00:00:00.000000000,6878.322,6927.986,6862.078,6880.698,214893,435460,458538
2017-02-07 00:00:00.000000000,6890.542,6920.688,6849.757,6860.688,165358,458538,479006
2017-02-08 00:00:00.000000000,6853.778,6948.043,6853.778,6919.817,222956,479006,482920
2017-02-09 00:00:00.000000000,6916.748,6943.126,6898.395,6901.396,145563,482920,477795
2017-02-10 00:00:00.000000000,6902.769,6971.496,6892.459,6971.496,200443,477795,479871
2017-02-13 00:00:00.000000000,6941.905,6990.632,6874.911,6883.062,328810,479871,493455
2017-02-14 00:00:00.000000000,6892.518,6924.755,6837.642,6843.607,229787,493455,504144
2017-02-15 00:00:00.000000000,6865.185,6896.78,6828.172,6845.752,224538,504144,503243
2017-02-16 00:00:00.000000000,6847.846,6893.212,6820.93,6821.509,270045,503243,517110
2017-02-17 00:00:00.000000000,6805.533,6847.514,6712.874,6716.8,355264,517110,506570
2017-02-20 00:00:00.000000000,6710.186,6744.765,6702.979,6725.6,157141,506570,503459
2017-02-21 00:00:00.000000000,6717.75,6748.04,6664.431,6701.744,281874,503459,521372
2017-02-22 00:00:00.000000000,6684.481,6698.312,6639.874,6683.107,215125,521372,524266
2017-02-23 00:00:00.000000000,6694.591,6705.255,6591.548,6614.902,251284,524266,533945
2017-02-24 00:00:00.000000000,6627.864,6636.58,6562.01,6621.459,223278,533945,524971
2017-02-27 00:00:00.000000000,6629.656,6658.601,6599.658,6615.512,221385,524971,530361
2017-02-28 00:00:00.000000000,6597.979,6635.065,6572.598,6608.347,202414,530361,532076
2017-03-01 00:00:00.000000000,6644.604,6752.296,6633.136,6697.548,419812,532076,539786
2017-03-02 00:00:00.000000000,6731.38,6764.514,6703.469,6741.212,266851,539786,529033
2017-03-03 00:00:00.000000000,6744.322,6750.205,6697.275,6735.275,207353,529033,522194
2017-03-06 00:00:00.000000000,6730.977,6784.545,6701.587,6744.605,241095,522194,521871
2017-03-07 00:00:00.000000000,6745.45,6748.509,6633.282,6652.497,310898,521871,544374
2017-03-08 00:00:00.000000000,6642.661,6658.727,6551.87,6599.714,288395,544374,541295
2017-03-09 00:00:00.000000000,6618.5,6630.189,6539.231,6598.296,267347,541295,548992
2017-03-10 00:00:00.000000000,6565.132,6581.294,6460.066,6481.793,329596,548992,552819
2017-03-13 00:00:00.000000000,6502.181,6530.232,6478.276,6504.419,254131,552819,555479
2017-03-14 00:00:00.000000000,6462.701,6477.54,6409.599,6428.437,328616,555479,575780
2017-03-15 00:00:00.000000000,6443.641,6470.273,6370.569,6431.105,295907,575780,564742
2017-03-16 00:00:00.000000000,6465.295,6477.962,6375.745,6414.41,349299,564742,593693
2017-03-17 00:00:00.000000000,6424.829,6463.259,6393.25,6438.339,278461,593693,574018
2017-03-20 00:00:00.000000000,6447.993,6478.546,6431.777,6475.713,331791,574018,574681
2017-03-21 00:00:00.000000000,6475.592,6496.823,6417.641,6453.641,295390,574681,576966
2017-03-22 00:00:00.000000000,6470.318,6492.77,6434.324,6440.392,284824,576966,572154
2017-03-23 00:00:00.000000000,6437.027,6452.608,6355.251,6359.361,365147,572154,584518
2017-03-24 00:00:00.000000000,6363.248,6403.976,6314.524,6322.038,270502,584518,582788
2017-03-27 00:00:00.000000000,6316.59,6327.295,6156.51,6168.976,353930,582788,585755
2017-03-28 00:00:00.000000000,6158.238,6201.851,6122.625,6162.238,318403,585755,571677
2017-03-29 00:00:00.000000000,6187.033,6199.874,6155.453,6174.558,243050,571677,564900
2017-03-30 00:00:00.000000000,6179.175,6187.565,6076.301,6095.289,350688,564900,597215
2017-03-31 00:00:00.000000000,6075.704,6120.397,6002.808,6009.137,260227,597215,587412
2017-04-05 00:00:00.000000000,5967.224,6050.027,5937.367,6022.963,274350,587412,596726
2017-04-06 00:00:00.000000000,6039.799,6065.511,6005.63,6024.651,239735,596726,598590
2017-04-07 00:00:00.000000000,6036.652,6042.656,5892.283,5941.375,352782,598590,592316
2017-04-10 00:00:00.000000000,5946.837,6034.256,5939.235,5959.167,464944,592316,578704
2017-04-11 00:00:00.000000000,5949.183,6027.025,5948.019,5998.688,311399,578704,569370
2017-04-12 00:00:00.000000000,6007.903,6022.795,5884.346,5892.627,411833,569370,579264
2017-04-13 00:00:00.000000000,5907.839,5957.309,5890.652,5951.485,254082,579264,557385
2017-04-14 00:00:00.000000000,5936.215,5976.444,5911.054,5940.626,236440,557385,550005
2017-04-17 00:00:00.000000000,5946.937,6024.191,5939.765,5948.972,321881,550005,556678
2017-04-18 00:00:00.000000000,5936.352,6005.665,5896.793,5901.318,357457,556678,560901
2017-04-19 00:00:00.000000000,5867.083,5879.267,5771.91,5794.512,460043,560901,576431
2017-04-20 00:00:00.000000000,5765.659,5837.259,5765.659,5821.501,390018,576431,575296
2017-04-21 00:00:00.000000000,5842.537,5852.171,5789.633,5827.267,290964,575296,567265
2017-04-24 00:00:00.000000000,5836.773,5896.25,5826.886,5882.4,319357,567265,543935
2017-04-25 00:00:00.000000000,5886.704,5888.514,5806.825,5823.582,280873,543935,553562
2017-04-26 00:00:00.000000000,5833.824,5873.047,5818.551,5841.255,232782,553562,536659
2017-04-27 00:00:00.000000000,5858.716,5907.423,5851.049,5858.26,295574,536659,527486
2017-04-28 00:00:00.000000000,5844.32,5858.101,5819.994,5833.108,255968,527486,529642
2017-05-02 00:00:00.000000000,5879.149,5923.472,5847.292,5908.918,200852,529642,525804
2017-05-03 00:00:00.000000000,5906.745,5930.743,5891.042,5901.647,201746,525804,528201
2017-05-04 00:00:00.000000000,5866.993,5909.235,5828.062,5864.429,331259,528201,531508
2017-05-05 00:00:00.000000000,5861.134,5875.403,5799.326,5826.741,308768,531508,526549
2017-05-08 00:00:00.000000000,5866.288,5970.307,5865.594,5915.017,428507,526549,534558
2017-05-09 00:00:00.000000000,5914.032,5941.659,5883.764,5937.517,221395,534558,519009
2017-05-10 00:00:00.000000000,5924.723,5964.123,5905.501,5924.723,228787,519009,512977
2017-05-11 00:00:00.000000000,5923.505,6028.003,5871.756,6024.504,441896,512977,498317
2017-05-12 00:00:00.000000000,6015.222,6018.666,5961.169,5994.783,221907,498317,498057
2017-05-15 00:00:00.000000000,5979.686,6041.108,5951.947,6004.767,251846,498057,495294
2017-05-16 00:00:00.000000000,6037.951,6074.485,6035.026,6046.49,275507,495294,486152
2017-05-17 00:00:00.000000000,6047.727,6083.137,6002.035,6073.436,276003,486152,484289
2017-05-18 00:00:00.000000000,6089.321,6089.321,6012.411,6021.049,223406,484289,481264
2017-05-19 00:00:00.000000000,5950.292,6017.27,5944.63,5966.639,309715,481264,490504
2017-05-22 00:00:00.000000000,5986.911,6072.557,5981.256,6028.941,245331,490504,476094
2017-05-23 00:00:00.000000000,6035.048,6051.713,5979.759,5981.755,214899,476094,483673
2017-05-24 00:00:00.000000000,5978.169,6002.109,5908.839,5940.496,277799,483673,484397
2017-05-25 00:00:00.000000000,5953.24,5978.506,5937.613,5947.608,171561,484397,486159
2017-05-26 00:00:00.000000000,5957.702,5963.335,5844.49,5854.458,283167,486159,488755
2017-05-31 00:00:00.000000000,5798.458,5812.457,5698.126,5704.112,257798,488755,516347
2017-06-01 00:00:00.000000000,5711.076,5735.06,5675.5,5695.047,238969,516347,522776
2017-06-02 00:00:00.000000000,5720.498,5760.549,5697.008,5697.42,253323,522776,548660
2017-06-05 00:00:00.000000000,5671.59,5776.003,5664.032,5749.557,249839,548660,538640
2017-06-06 00:00:00.000000000,5744.124,5787.239,5724.134,5778.8,255791,538640,536035
2017-06-07 00:00:00.000000000,5782.061,5825.185,5744.539,5766.083,247875,536035,537764
2017-06-08 00:00:00.000000000,5773.822,5788.922,5734.276,5765.376,192403,537764,535674
2017-06-09 00:00:00.000000000,5764.815,5829.865,5762.822,5815.393,241294,535674,519761
2017-06-12 00:00:00.000000000,5821.54,5896.043,5812.947,5892.029,267833,519761,513052
2017-06-13 00:00:00.000000000,5879.188,5884.672,5839.209,5852.236,151488,513052,503321
2017-06-14 00:00:00.000000000,5837.986,5885.37,5837.512,5871.875,164784,503321,512795
2017-06-15 00:00:00.000000000,5875.481,5918.428,5852.013,5879.982,199628,512795,523192
2017-06-16 00:00:00.000000000,5884.0,5969.463,5860.001,5924.454,267788,523192,531453
2017-06-19 00:00:00.000000000,5937.609,5985.108,5916.13,5956.124,219843,531453,535091
2017-06-20 00:00:00.000000000,5947.655,5964.074,5864.653,5880.644,222846,535091,540461
2017-06-21 00:00:00.000000000,5854.315,5870.284,5815.308,5853.476,240691,540461,540139
2017-06-22 00:00:00.000000000,5863.333,5878.423,5803.364,5816.252,178198,540139,529924
2017-06-23 00:00:00.000000000,5822.421,5847.361,5789.409,5819.363,182695,529924,525676
2017-06-26 00:00:00.000000000,5823.648,5860.005,5806.241,5825.245,148604,525676,521461
2017-06-27 00:00:00.000000000,5824.176,5886.363,5810.1,5874.376,168184,521461,521868
2017-06-28 00:00:00.000000000,5893.466,5952.195,5887.509,5924.888,274935,521868,540596
2017-06-29 00:00:00.000000000,5905.347,6013.772,5903.917,5975.96,389692,540596,549888
2017-06-30 00:00:00.000000000,5982.132,6016.228,5939.001,5981.2,273928,549888,552335
2017-07-03 00:00:00.000000000,5978.054,6127.795,5972.679,6057.905,307175,552335,556690
2017-07-04 00:00:00.000000000,6073.784,6081.688,5966.556,5971.719,255659,556690,553982
2017-07-05 00:00:00.000000000,5985.036,6027.662,5977.112,5997.738,160298,553982,546536
2017-07-06 00:00:00.000000000,6008.084,6080.849,6006.085,6049.029,293581,546536,539118
2017-07-07 00:00:00.000000000,6045.741,6070.153,6005.978,6056.127,188912,539118,529621
2017-07-10 00:00:00.000000000,6050.99,6183.969,6050.99,6168.767,317952,529621,541039
2017-07-11 00:00:00.000000000,6179.859,6247.799,6152.834,6212.685,321340,541039,528416
2017-07-12 00:00:00.000000000,6194.159,6248.159,6180.393,6202.292,204830,528416,523225
2017-07-13 00:00:00.000000000,6200.625,6223.886,6135.399,6162.729,242064,523225,528364
2017-07-14 00:00:00.000000000,6139.624,6159.834,6082.357,6111.397,235026,528364,522143
2017-07-17 00:00:00.000000000,6143.005,6176.289,6124.137,6139.269,210872,522143,529577
2017-07-18 00:00:00.000000000,6150.974,6200.922,6097.363,6113.243,241453,529577,524315
2017-07-19 00:00:00.000000000,6136.333,6162.146,6097.15,6143.274,201028,524315,529276
2017-07-20 00:00:00.000000000,6156.141,6229.855,6138.061,6198.899,258364,529276,542785
2017-07-21 00:00:00.000000000,6227.625,6257.368,6173.435,6209.561,283208,542785,542276
2017-07-24 00:00:00.000000000,6208.903,6221.37,6122.571,6144.837,264530,542276,550841
2017-07-25 00:00:00.000000000,6155.096,6251.074,6145.291,6250.007,234677,550841,553875
2017-07-26 00:00:00.000000000,6259.451,6273.399,6152.016,6161.764,310940,553875,550936
2017-07-27 00:00:00.000000000,6171.625,6241.625,6168.69,6232.663,221076,550936,548703
2017-07-28 00:00:00.000000000,6253.695,6307.848,6149.457,6167.448,432016,548703,541666
2017-07-31 00:00:00.000000000,6176.52,6266.234,6171.528,6253.035,281244,541666,527097
2017-08-01 00:00:00.000000000,6240.891,6305.75,6231.537,6259.753,320073,527097,541230
2017-08-02 00:00:00.000000000,6226.914,6256.222,6190.816,6213.802,288845,541230,539686
2017-08-03 00:00:00.000000000,6228.677,6257.814,6103.166,6120.962,362793,539686,537217
2017-08-04 00:00:00.000000000,6116.471,6152.407,6102.341,6138.474,271394,537217,528539
2017-08-07 00:00:00.000000000,6147.717,6188.439,6126.29,6129.938,230389,528539,521121
2017-08-08 00:00:00.000000000,6116.886,6238.942,6109.565,6238.81,285667,521121,495309
2017-08-09 00:00:00.000000000,6248.982,6285.021,6231.444,6276.881,226173,495309,481979
2017-08-10 00:00:00.000000000,6274.11,6295.336,6203.066,6293.414,313829,481979,485140
2017-08-11 00:00:00.000000000,6313.934,6398.26,6193.385,6240.966,516844,485140,481095
2017-08-14 00:00:00.000000000,6284.521,6306.319,6212.427,6272.488,284705,481095,480789
2017-08-15 00:00:00.000000000,6245.12,6284.147,6231.635,6248.379,262708,480789,474345
2017-08-16 00:00:00.000000000,6220.278,6232.637,6157.059,6169.297,242606,474345,472650
2017-08-17 00:00:00.000000000,6194.662,6218.472,6169.271,6209.624,204427,472650,472674
2017-08-18 00:00:00.000000000,6211.39,6268.242,6191.93,6266.369,208439,472674,464147
2017-08-21 00:00:00.000000000,6263.288,6305.818,6254.63,6282.88,257114,464147,459569
2017-08-22 00:00:00.000000000,6305.341,6382.57,6273.708,6381.84,298284,459569,454750
2017-08-23 00:00:00.000000000,6370.842,6421.051,6323.905,6402.043,308001,454750,460909
2017-08-24 00:00:00.000000000,6406.88,6413.962,6350.791,6400.136,227070,460909,452638
2017-08-25 00:00:00.000000000,6431.754,6438.068,6346.354,6352.005,212405,452638,445997
2017-08-28 00:00:00.000000000,6351.241,6412.864,6341.671,6359.347,205412,445997,437339
2017-08-29 00:00:00.000000000,6361.466,6371.129,6303.189,6311.859,193541,437339,430284
2017-08-30 00:00:00.000000000,6294.237,6343.932,6278.94,6280.644,191983,430284,434865
2017-08-31 00:00:00.000000000,6278.649,6319.146,6272.357,6293.77,159411,434865,432156
2017-09-01 00:00:00.000000000,6285.867,6357.142,6285.867,6349.214,187220,432156,433637
2017-09-04 00:00:00.000000000,6354.636,6403.235,6321.097,6387.822,200671,433637,431939
2017-09-05 00:00:00.000000000,6387.787,6403.129,6336.656,6401.039,199248,431939,433121
2017-09-06 00:00:00.000000000,6413.962,6423.931,6368.012,6389.488,216602,433121,439161
2017-09-07 00:00:00.000000000,6383.7,6400.123,6346.521,6392.22,213747,439161,429819
2017-09-08 00:00:00.000000000,6416.127,6416.127,6316.816,6323.563,268398,429819,429646
2017-09-11 00:00:00.000000000,6321.873,6403.038,6259.583,6392.418,308252,429646,410483
2017-09-12 00:00:00.000000000,6386.901,6396.984,6332.576,6357.306,224022,410483,409199
2017-09-13 00:00:00.000000000,6371.359,6457.641,6335.272,6338.427,379634,409199,400090
2017-09-14 00:00:00.000000000,6359.239,6427.834,6351.324,6415.548,274238,400090,396413
2017-09-15 00:00:00.000000000,6402.532,6435.357,6389.36,6419.358,239766,396413,402245
2017-09-18 00:00:00.000000000,6412.039,6419.179,6332.618,6365.187,215300,402245,398596
2017-09-19 00:00:00.000000000,6343.565,6388.966,6327.867,6345.052,183538,398596,403558
2017-09-20 00:00:00.000000000,6334.283,6368.833,6307.415,6336.554,182395,403558,396689
2017-09-21 00:00:00.000000000,6345.009,6363.307,6290.792,6290.792,206668,396689,405568
2017-09-22 00:00:00.000000000,6277.859,6283.854,6231.037,6246.748,237680,405568,415064
2017-09-25 00:00:00.000000000,6253.612,6281.047,6171.899,6188.992,226214,415064,428355
2017-09-26 00:00:00.000000000,6191.721,6217.622,6186.268,6195.084,117588,428355,416890
2017-09-27 00:00:00.000000000,6217.874,6228.182,6155.631,6182.177,183405,416890,420152
2017-09-28 00:00:00.000000000,6177.705,6177.978,6043.073,6091.06,244374,420152,407605
2017-09-29 00:00:00.000000000,6096.548,6128.522,6073.983,6103.699,160483,407605,394727
2017-10-09 00:00:00.000000000,6132.955,6164.041,6117.269,6126.404,104035,394727,386051
2017-10-10 00:00:00.000000000,6128.965,6136.961,6079.723,6085.414,145394,386051,410244
2017-10-11 00:00:00.000000000,6085.599,6089.903,6044.242,6058.559,158280,410244,423793
2017-10-12 00:00:00.000000000,6061.146,6103.125,6058.838,6092.794,114405,423793,422151
2017-10-13 00:00:00.000000000,6085.507,6113.475,6030.5,6104.869,212476,422151,429747
2017-10-16 00:00:00.000000000,6117.563,6144.897,6093.628,6127.915,180539,429747,432184
2017-10-17 00:00:00.000000000,6131.164,6148.392,6098.719,6123.036,136474,432184,439239
2017-10-18 00:00:00.000000000,6103.481,6115.164,6066.503,6088.827,150272,439239,440909
2017-10-19 00:00:00.000000000,6092.559,6105.171,5992.6,5999.565,198678,440909,461271
2017-10-20 00:00:00.000000000,6008.438,6081.832,5997.502,6075.732,189206,461271,453996
2017-10-23 00:00:00.000000000,6096.445,6115.903,6061.318,6091.62,183137,453996,441683
2017-10-24 00:00:00.000000000,6103.994,6122.537,6080.907,6100.572,152542,441683,440365
2017-10-25 00:00:00.000000000,6086.168,6183.685,6086.071,6162.723,222215,440365,437279
2017-10-26 00:00:00.000000000,6158.619,6166.935,6127.58,6157.513,142220,437279,438654
2017-10-27 00:00:00.000000000,6165.382,6172.695,6137.839,6156.163,129569,438654,422772
2017-10-30 00:00:00.000000000,6147.471,6212.153,6125.414,6182.184,162099,422772,420257
2017-10-31 00:00:00.000000000,6183.219,6188.063,6140.138,6157.708,134597,420257,424251
2017-11-01 00:00:00.000000000,6147.167,6174.305,6128.528,6135.57,151549,424251,434884
2017-11-02 00:00:00.000000000,6152.261,6185.113,6123.572,6169.979,158623,434884,436692
2017-11-03 00:00:00.000000000,6150.561,6163.78,6129.15,6157.99,145205,436692,440010
2017-11-06 00:00:00.000000000,6153.391,6176.344,6100.877,6150.297,196272,440010,439177
2017-11-07 00:00:00.000000000,6142.232,6200.753,6134.298,6188.803,135626,439177,435418
2017-11-08 00:00:00.000000000,6180.691,6204.11,6158.221,6165.799,127600,435418,439264
2017-11-09 00:00:00.000000000,6194.269,6222.814,6165.565,6202.006,199070,439264,432700
2017-11-10 00:00:00.000000000,6192.808,6205.51,6127.105,6132.299,175575,432700,451696
2017-11-13 00:00:00.000000000,6145.146,6153.682,6122.341,6130.949,125224,451696,453849
2017-11-14 00:00:00.000000000,6103.422,6123.252,6077.396,6082.64,152311,453849,466812
2017-11-15 00:00:00.000000000,6067.175,6094.437,6024.463,6025.778,190188,466812,481333
2017-11-16 00:00:00.000000000,6033.987,6080.683,6004.063,6042.842,168785,481333,493574
2017-11-17 00:00:00.000000000,6041.792,6063.763,6015.833,6015.833,138882,493574,500596
2017-11-20 00:00:00.000000000,6028.38,6031.707,5948.226,5978.194,252656,500596,520750
2017-11-21 00:00:00.000000000,5949.457,5988.904,5929.52,5970.885,175683,520750,511850
2017-11-22 00:00:00.000000000,5986.061,6004.06,5976.813,5987.533,143296,511850,515707
2017-11-23 00:00:00.000000000,6006.15,6010.825,5967.667,5980.824,153919,515707,515952
2017-11-24 00:00:00.000000000,5977.537,6027.047,5971.646,6008.271,178979,515952,514126
2017-11-27 00:00:00.000000000,6021.839,6034.108,5956.655,5967.678,202671,514126,518458
2017-11-28 00:00:00.000000000,5971.692,5986.627,5950.9,5959.874,125494,518458,514074
2017-11-29 00:00:00.000000000,5964.553,5973.574,5910.553,5915.544,221678,514074,538742
2017-11-30 00:00:00.000000000,5904.332,5975.342,5904.332,5948.254,214960,538742,510056
2017-12-01 00:00:00.000000000,5975.137,5989.511,5929.467,5966.54,185923,510056,508296
2017-12-04 00:00:00.000000000,5970.205,5986.562,5932.427,5975.651,213875,508296,505589
2017-12-05 00:00:00.000000000,5968.068,5990.176,5888.475,5911.147,220154,505589,510717
2017-12-06 00:00:00.000000000,5925.861,5948.559,5901.438,5934.512,160030,510717,507641
2017-12-07 00:00:00.000000000,5923.988,5933.241,5797.792,5819.241,260757,507641,505067
2017-12-08 00:00:00.000000000,5816.724,5847.485,5808.724,5818.105,161064,505067,498824
2017-12-11 00:00:00.000000000,5820.848,5853.258,5783.669,5835.898,216566,498824,496977
2017-12-12 00:00:00.000000000,5831.764,5884.297,5830.297,5862.989,186236,496977,493890
2017-12-13 00:00:00.000000000,5863.112,5873.932,5832.418,5853.887,142870,493890,496417
2017-12-14 00:00:00.000000000,5854.721,5858.721,5754.416,5766.731,206749,496417,505052
2017-12-15 00:00:00.000000000,5788.667,5793.864,5756.053,5767.62,147460,505052,503315
2017-12-18 00:00:00.000000000,5810.698,5811.375,5782.91,5804.102,145742,503315,501365
2017-12-19 00:00:00.000000000,5796.253,5801.726,5733.274,5753.8,159772,501365,509545
2017-12-20 00:00:00.000000000,5755.303,5774.893,5748.919,5751.112,129033,509545,505546
2017-12-21 00:00:00.000000000,5767.665,5781.684,5648.619,5662.846,260341,505546,513588
2017-12-22 00:00:00.000000000,5662.643,5666.471,5584.553,5601.717,216080,513588,524994
2017-12-25 00:00:00.000000000,5619.433,5651.658,5598.957,5641.985,148036,524994,511891
2017-12-26 00:00:00.000000000,5644.63,5666.048,5640.148,5647.475,84547,511891,509216
2017-12-27 00:00:00.000000000,5675.924,5705.169,5645.301,5694.149,159480,509216,503140
2017-12-28 00:00:00.000000000,5700.709,5725.782,5672.333,5686.076,141056,503140,495271
2017-12-29 00:00:00.000000000,5677.699,5698.127,5639.473,5663.041,163104,495271,494492
2018-01-02 00:00:00.000000000,5691.774,5796.522,5691.774,5779.543,150488,494492,465307
2018-01-03 00:00:00.000000000,5783.067,5795.167,5764.167,5781.831,115921,465307,472008
2018-01-04 00:00:00.000000000,5820.188,5830.164,5789.082,5828.33,146023,472008,460712
2018-01-05 00:00:00.000000000,5815.536,5857.17,5795.615,5830.69,153621,460712,458709
2018-01-08 00:00:00.000000000,5816.122,5831.506,5750.883,5766.882,178937,458709,493541
2018-01-09 00:00:00.000000000,5791.029,5805.069,5767.33,5805.069,125317,493541,496092
2018-01-10 00:00:00.000000000,5780.076,5833.271,5778.273,5809.97,162146,496092,497515
2018-01-11 00:00:00.000000000,5822.583,5824.574,5786.147,5797.898,108025,497515,499788
2018-01-12 00:00:00.000000000,5783.722,5807.237,5736.262,5752.622,180961,499788,508083
2018-01-15 00:00:00.000000000,5747.308,5775.53,5729.594,5756.213,120891,508083,506021
2018-01-16 00:00:00.000000000,5771.192,5785.444,5723.197,5744.689,134912,506021,513134
2018-01-17 00:00:00.000000000,5739.863,5780.591,5710.696,5726.439,175721,513134,519791
2018-01-18 00:00:00.000000000,5715.745,5745.122,5703.141,5740.595,131525,519791,525341
2018-01-19 00:00:00.000000000,5735.733,5741.428,5685.463,5697.45,159679,525341,537806
2018-01-22 00:00:00.000000000,5697.946,5775.344,5694.527,5763.338,174468,537806,531895
2018-01-23 00:00:00.000000000,5773.392,5801.698,5753.721,5780.299,176887,531895,527320
2018-01-24 00:00:00.000000000,5795.44,5816.849,5790.569,5800.852,144614,527320,524367
2018-01-25 00:00:00.000000000,5810.477,5816.758,5779.777,5799.12,139554,524367,528035
2018-01-26 00:00:00.000000000,5791.204,5837.513,5787.218,5817.834,176674,528035,537643
2018-01-29 00:00:00.000000000,5811.889,5854.456,5806.161,5836.756,158079,537643,547599
2018-01-30 00:00:00.000000000,5842.048,5845.711,5738.844,5751.156,210338,547599,549285
2018-01-31 00:00:00.000000000,5759.893,5787.893,5735.938,5781.259,128851,549285,538023
2018-02-01 00:00:00.000000000,5773.658,5775.587,5706.68,5721.34,166895,538023,545490
2018-02-02 00:00:00.000000000,5722.823,5738.814,5647.894,5655.915,167721,545490,544521
2018-02-05 00:00:00.000000000,5651.254,5663.205,5598.595,5635.247,200334,544521,544438
2018-02-06 00:00:00.000000000,5638.181,5654.19,5589.316,5625.494,166842,544438,536686
2018-02-07 00:00:00.000000000,5622.895,5696.799,5617.29,5659.61,166585,536686,542601
2018-02-08 00:00:00.000000000,5653.828,5678.56,5598.951,5668.597,167142,542601,530757
2018-02-09 00:00:00.000000000,5669.814,5692.98,5649.405,5650.162,126651,530757,529484
2018-02-12 00:00:00.000000000,5654.554,5688.552,5630.587,5673.779,138983,529484,525337
2018-02-13 00:00:00.000000000,5661.541,5704.49,5651.395,5680.157,134407,525337,519976
2018-02-14 00:00:00.000000000,5677.604,5691.485,5625.513,5666.618,135149,519976,499184
2018-02-22 00:00:00.000000000,5704.018,5720.255,5674.885,5692.364,111624,499184,493663
2018-02-23 00:00:00.000000000,5690.158,5787.79,5687.741,5782.333,212128,493663,515818
2018-02-26 00:00:00.000000000,5777.974,5833.845,5751.428,5820.789,178746,515818,507483
2018-02-27 00:00:00.000000000,5823.717,5832.196,5786.723,5803.245,156962,507483,511777
2018-02-28 00:00:00.000000000,5795.079,5847.492,5782.003,5835.55,188924,511777,511022
2018-03-01 00:00:00.000000000,5836.306,5850.155,5808.914,5839.108,181994,511022,512941
2018-03-02 00:00:00.000000000,5807.317,5938.896,5795.566,5900.252,467648,512941,506527
2018-03-05 00:00:00.000000000,5901.838,5934.616,5859.329,5903.411,250350,506527,498143
2018-03-06 00:00:00.000000000,5915.116,5940.502,5874.731,5881.344,196789,498143,491568
2018-03-07 00:00:00.000000000,5900.507,5903.171,5804.019,5817.138,263153,491568,505830
2018-03-08 00:00:00.000000000,5792.152,5817.645,5773.718,5785.572,219513,505830,492892
2018-03-09 00:00:00.000000000,5775.123,5816.351,5717.107,5722.358,278082,492892,489555
2018-03-12 00:00:00.000000000,5727.592,5749.939,5709.277,5725.155,188759,489555,483332
2018-03-13 00:00:00.000000000,5735.258,5778.068,5698.242,5766.159,240333,483332,490566
2018-03-14 00:00:00.000000000,5778.321,5804.149,5768.039,5769.938,187640,490566,484958
2018-03-15 00:00:00.000000000,5781.752,5791.509,5727.078,5744.443,171534,484958,501148
2018-03-16 00:00:00.000000000,5754.884,5783.663,5735.304,5747.184,216585,501148,502566
2018-03-19 00:00:00.000000000,5738.531,5772.577,5716.828,5755.806,271869,502566,515175
2018-03-20 00:00:00.000000000,5757.395,5764.117,5681.094,5733.245,265741,515175,510313
2018-03-21 00:00:00.000000000,5733.469,5758.495,5705.645,5706.758,175808,510313,519446
2018-03-22 00:00:00.000000000,5722.364,5782.969,5716.579,5759.256,208081,519446,520462
2018-03-23 00:00:00.000000000,5760.813,5806.386,5725.808,5746.568,467958,520462,495553
2018-03-26 00:00:00.000000000,5744.653,5799.593,5627.886,5781.822,511375,495553,484579
2018-03-27 00:00:00.000000000,5788.589,5838.144,5729.903,5737.21,367228,484579,506337
2018-03-28 00:00:00.000000000,5748.54,5763.236,5722.212,5741.421,194392,506337,493889
2018-03-29 00:00:00.000000000,5732.584,5737.629,5663.629,5672.579,278062,493889,503285
2018-03-30 00:00:00.000000000,5678.302,5794.798,5650.403,5769.966,330462,503285,493004
2018-04-02 00:00:00.000000000,5775.599,5871.858,5768.008,5860.071,376184,493004,511663
2018-04-03 00:00:00.000000000,5860.833,5870.735,5828.944,5854.619,237312,511663,509578
2018-04-04 00:00:00.000000000,5847.54,5932.607,5845.214,5924.08,419614,509578,512337
2018-04-09 00:00:00.000000000,6081.463,6105.534,5948.685,5952.168,436813,512337,518541
2018-04-10 00:00:00.000000000,5963.351,5973.677,5909.251,5932.753,377491,518541,532486
2018-04-11 00:00:00.000000000,5930.39,5971.17,5876.781,5887.069,298709,532486,537082
2018-04-12 00:00:00.000000000,5892.664,5901.436,5814.533,5819.014,280942,537082,536251
2018-04-13 00:00:00.000000000,5827.733,5843.906,5800.615,5835.999,227245,536251,539598
2018-04-16 00:00:00.000000000,5828.184,5850.114,5791.545,5802.535,201490,539598,535096
2018-04-17 00:00:00.000000000,5799.275,5827.386,5746.071,5817.223,257264,535096,543218
2018-04-18 00:00:00.000000000,5817.924,5829.533,5777.535,5800.753,193805,543218,536309
2018-04-19 00:00:00.000000000,5812.699,5829.929,5790.866,5819.634,226433,536309,550284
2018-04-20 00:00:00.000000000,5827.633,5848.313,5803.063,5813.126,228276,550284,551290
2018-04-23 00:00:00.000000000,5824.361,5864.453,5811.756,5828.815,242646,551290,560641
2018-04-24 00:00:00.000000000,5820.893,5823.876,5765.72,5767.459,222253,560641,564028
2018-04-25 00:00:00.000000000,5771.863,5800.689,5765.256,5774.028,162072,564028,567712
2018-04-26 00:00:00.000000000,5773.302,5778.232,5719.048,5744.07,231446,567712,577722
2018-04-27 00:00:00.000000000,5753.215,5763.011,5729.016,5742.489,170687,577722,562081
2018-05-02 00:00:00.000000000,5710.042,5777.593,5698.777,5767.227,152014,562081,558617
2018-05-03 00:00:00.000000000,5766.72,5806.341,5765.323,5792.359,155599,558617,551044
2018-05-04 00:00:00.000000000,5780.973,5787.49,5747.061,5782.32,171512,551044,565389
2018-05-07 00:00:00.000000000,5784.63,5841.19,5782.341,5824.391,204487,565389,561909
2018-05-08 00:00:00.000000000,5834.576,5848.137,5787.961,5802.155,155417,561909,560149
2018-05-09 00:00:00.000000000,5803.795,5852.663,5791.186,5843.859,243229,560149,560659
2018-05-10 00:00:00.000000000,5852.54,5876.682,5843.902,5863.279,166881,560659,559893
2018-05-11 00:00:00.000000000,5867.791,5881.685,5833.723,5850.791,172882,559893,560098
2018-05-14 00:00:00.000000000,5851.826,5856.139,5799.433,5803.658,200105,560098,573557
2018-05-15 00:00:00.000000000,5811.601,5835.491,5772.457,5789.964,185376,573557,562792
2018-05-16 00:00:00.000000000,5797.634,5802.931,5744.59,5763.883,226808,562792,570692
2018-05-17 00:00:00.000000000,5763.414,5777.398,5734.528,5770.144,187351,570692,568933
2018-05-18 00:00:00.000000000,5778.596,5853.354,5776.979,5836.995,291764,568933,575668
2018-05-21 00:00:00.000000000,5833.801,5913.352,5811.341,5823.708,439848,575668,607632
2018-05-22 00:00:00.000000000,5827.99,5857.094,5794.444,5843.975,254983,607632,607511
2018-05-23 00:00:00.000000000,5873.951,5873.951,5815.676,5829.587,249766,607511,616297
2018-05-24 00:00:00.000000000,5830.41,5871.622,5805.045,5857.021,283677,616297,626114
2018-05-25 00:00:00.000000000,5871.032,5892.991,5818.332,5826.271,264876,626114,622956
2018-05-28 00:00:00.000000000,5815.494,5836.53,5777.535,5783.045,211335,622956,635207
2018-05-29 00:00:00.000000000,5781.791,5844.667,5780.251,5840.7,189814,635207,626304
2018-05-30 00:00:00.000000000,5844.175,5998.037,5816.393,5872.386,771349,626304,631447
2018-05-31 00:00:00.000000000,5880.763,5926.243,5860.29,5883.732,434361,631447,647491
2018-06-01 00:00:00.000000000,5889.976,5922.33,5871.473,5903.978,302825,647491,654289
2018-06-04 00:00:00.000000000,5910.212,6002.455,5897.319,5928.892,533722,654289,673769
2018-06-05 00:00:00.000000000,5924.804,5937.288,5801.414,5879.126,449814,673769,654535
2018-06-06 00:00:00.000000000,5885.138,5896.325,5845.752,5862.28,187854,654535,650216
2018-06-07 00:00:00.000000000,5852.778,5882.084,5827.299,5871.231,222895,650216,663342
2018-06-08 00:00:00.000000000,5873.638,5889.454,5770.034,5783.275,364715,663342,657728
2018-06-11 00:00:00.000000000,5785.399,5809.848,5757.924,5789.146,188215,657728,653121
2018-06-12 00:00:00.000000000,5794.037,5820.629,5746.719,5752.82,297768,653121,662575
2018-06-13 00:00:00.000000000,5726.965,5738.379,5668.902,5688.806,411642,662575,628060
2018-06-14 00:00:00.000000000,5700.205,5739.442,5686.781,5715.756,236918,628060,619595
2018-06-15 00:00:00.000000000,5715.892,5755.865,5698.817,5728.528,231530,619595,625578
2018-06-19 00:00:00.000000000,5801.234,5811.045,5504.907,5524.508,594823,625578,602964
2018-06-20 00:00:00.000000000,5542.257,5587.67,5518.293,5559.743,336298,602964,594977
2018-06-21 00:00:00.000000000,5565.633,5587.167,5549.958,5558.619,224857,594977,590431
2018-06-22 00:00:00.000000000,5561.914,5582.241,5546.488,5563.799,151119,590431,583477
2018-06-25 00:00:00.000000000,5578.398,5604.196,5569.564,5582.267,143164,583477,586380
2018-06-26 00:00:00.000000000,5589.667,5596.24,5493.04,5577.324,265448,586380,603812
2018-06-27 00:00:00.000000000,5579.797,5659.222,5576.229,5632.941,251148,603812,596327
2018-06-28 00:00:00.000000000,5649.836,5659.119,5604.8,5629.187,189879,596327,601373
2018-06-29 00:00:00.000000000,5637.977,5683.559,5630.39,5650.341,200155,601373,608599
2018-07-02 00:00:00.000000000,5655.814,5697.993,5635.203,5673.929,233883,608599,609338
2018-07-03 00:00:00.000000000,5682.869,5696.402,5641.7,5674.25,175918,609338,602464
2018-07-04 00:00:00.000000000,5680.068,5696.784,5647.595,5658.595,159269,602464,594527
2018-07-05 00:00:00.000000000,5660.122,5676.141,5621.137,5669.517,132762,594527,591971
2018-07-06 00:00:00.000000000,5667.958,5719.326,5639.329,5688.698,335926,591971,591772
2018-07-09 00:00:00.000000000,5686.417,5723.505,5675.407,5688.732,193171,591772,593283
2018-07-10 00:00:00.000000000,5683.611,5689.499,5592.995,5602.364,221347,593283,596822
2018-07-11 00:00:00.000000000,5606.902,5628.862,5570.328,5577.393,202365,596822,592383
2018-07-12 00:00:00.000000000,5569.595,5602.386,5554.675,5590.631,161930,592383,594404
2018-07-13 00:00:00.000000000,5583.03,5594.773,5532.841,5552.073,172281,594404,594584
2018-07-16 00:00:00.000000000,5538.894,5557.105,5498.166,5543.37,186743,594584,599469
2018-07-17 00:00:00.000000000,5540.939,5581.07,5536.938,5563.491,136128,599469,596895
2018-07-18 00:00:00.000000000,5560.859,5586.993,5552.302,5578.275,107225,596895,592649
2018-07-19 00:00:00.000000000,5589.539,5612.119,5575.592,5602.949,123386,592649,588370
2018-07-20 00:00:00.000000000,5601.368,5614.99,5577.148,5581.151,120235,588370,587764
2018-07-23 00:00:00.000000000,5580.773,5644.673,5578.924,5599.013,125584,587764,579558
2018-07-24 00:00:00.000000000,5593.271,5611.736,5568.69,5602.953,113327,579558,587035
2018-07-25 00:00:00.000000000,5598.55,5625.129,5593.616,5604.199,108297,587035,581503
2018-07-26 00:00:00.000000000,5618.999,5675.086,5609.426,5666.508,201892,581503,581839
2018-07-27 00:00:00.000000000,5678.322,5694.042,5638.312,5692.817,182624,581839,572717
2018-07-30 00:00:00.000000000,5693.119,5743.739,5686.294,5732.035,193740,572717,575768
2018-07-31 00:00:00.000000000,5735.915,5755.136,5715.789,5746.951,203936,575768,588053
2018-08-01 00:00:00.000000000,5767.192,5787.953,5710.754,5742.559,287480,588053,585861
2018-08-02 00:00:00.000000000,5748.78,5787.964,5736.361,5756.664,216844,585861,582123
2018-08-03 00:00:00.000000000,5752.389,5775.925,5712.635,5738.649,229350,582123,591214
2018-08-06 00:00:00.000000000,5752.166,5816.727,5734.78,5788.605,260007,591214,594165
2018-08-07 00:00:00.000000000,5792.4,5834.598,5778.936,5820.416,235553,594165,597441
2018-08-08 00:00:00.000000000,5834.376,5856.131,5804.687,5837.435,217782,597441,602622
2018-08-09 00:00:00.000000000,5855.074,5880.807,5823.806,5869.97,294593,602622,610762
2018-08-10 00:00:00.000000000,5873.489,5879.492,5836.753,5860.521,249897,610762,601089
2018-08-13 00:00:00.000000000,5857.772,5874.043,5734.176,5812.845,257397,601089,593972
2018-08-14 00:00:00.000000000,5802.506,5853.881,5796.744,5837.978,221740,593972,584418
2018-08-15 00:00:00.000000000,5850.898,5876.262,5837.6,5860.193,196950,584418,579078
2018-08-16 00:00:00.000000000,5846.996,5854.356,5758.957,5816.22,284378,579078,564745
2018-08-17 00:00:00.000000000,5826.728,5902.266,5804.862,5863.155,275510,564745,566503
2018-08-20 00:00:00.000000000,5869.429,5919.198,5832.951,5859.809,297267,566503,562161
2018-08-21 00:00:00.000000000,5869.241,5883.214,5838.848,5872.563,195075,562161,560755
2018-08-22 00:00:00.000000000,5873.407,5924.44,5859.925,5863.267,293035,560755,571077
2018-08-23 00:00:00.000000000,5871.652,5892.524,5831.758,5856.429,268988,571077,571500
2018-08-24 00:00:00.000000000,5849.862,5912.556,5844.522,5849.675,319788,571500,577335
2018-08-27 00:00:00.000000000,5855.329,5866.281,5776.588,5780.699,288338,577335,575627
2018-08-28 00:00:00.000000000,5785.941,5830.314,5782.562,5822.125,181805,575627,563631
2018-08-29 00:00:00.000000000,5826.942,5836.23,5770.768,5776.939,208016,563631,562208
2018-08-30 00:00:00.000000000,5784.08,5799.062,5752.008,5795.067,210715,562208,564417
2018-08-31 00:00:00.000000000,5802.005,5819.723,5761.096,5763.01,186392,564417,578749
2018-09-03 00:00:00.000000000,5762.823,5820.082,5726.534,5818.155,211835,578749,559364
2018-09-04 00:00:00.000000000,5828.618,5872.167,5814.592,5867.819,236436,559364,563699
2018-09-05 00:00:00.000000000,5882.598,5883.233,5848.474,5849.556,175592,563699,574037
2018-09-06 00:00:00.000000000,5848.694,5875.409,5844.726,5866.212,130545,574037,576151
2018-09-07 00:00:00.000000000,5866.822,5903.66,5825.551,5863.903,259671,576151,585408
2018-09-10 00:00:00.000000000,5860.951,5937.993,5826.076,5905.458,424868,585408,593757
2018-09-11 00:00:00.000000000,5912.782,5916.309,5874.089,5895.673,210998,593757,592402
2018-09-12 00:00:00.000000000,5885.747,5919.458,5869.506,5879.465,291968,592402,591437
2018-09-13 00:00:00.000000000,5856.639,5884.556,5806.759,5823.152,313513,591437,585236
2018-09-14 00:00:00.000000000,5830.646,5858.3,5819.042,5825.979,195160,585236,590837
2018-09-17 00:00:00.000000000,5821.653,5863.696,5820.147,5840.143,156428,590837,589109
2018-09-18 00:00:00.000000000,5847.027,5863.527,5805.043,5813.039,259196,589109,591564
2018-09-19 00:00:00.000000000,5813.275,5818.77,5752.815,5766.327,194250,591564,602298
2018-09-20 00:00:00.000000000,5759.757,5789.162,5728.293,5734.779,209066,602298,607200
2018-09-21 00:00:00.000000000,5734.656,5764.149,5710.484,5712.479,213716,607200,618115
2018-09-25 00:00:00.000000000,5762.367,5794.29,5749.096,5791.753,167547,618115,609410
2018-09-26 00:00:00.000000000,5800.905,5852.667,5799.455,5847.27,228094,609410,598351
2018-09-27 00:00:00.000000000,5840.654,5847.031,5799.178,5838.48,155490,598351,593432
2018-09-28 00:00:00.000000000,5827.349,5854.362,5804.982,5826.693,171052,593432,586501
2018-10-08 00:00:00.000000000,5877.378,5888.195,5845.657,5860.749,147581,586501,580336
2018-10-09 00:00:00.000000000,5866.421,5963.872,5864.438,5939.828,387804,580336,595774
2018-10-10 00:00:00.000000000,5944.388,5979.202,5919.672,5960.699,326763,595774,617655
2018-10-11 00:00:00.000000000,5959.045,5969.126,5829.771,5859.719,350821,617655,629746
2018-10-12 00:00:00.000000000,5865.054,5910.295,5856.981,5909.502,285638,629746,632748
2018-10-15 00:00:00.000000000,5915.193,5935.43,5900.695,5910.636,201553,632748,638294
2018-10-16 00:00:00.000000000,5903.201,5922.433,5868.381,5873.653,246486,638294,640524
2018-10-17 00:00:00.000000000,5871.834,5897.465,5857.103,5884.902,158138,640524,650862
2018-10-18 00:00:00.000000000,5887.579,5889.546,5797.612,5804.712,241468,650862,651692
2018-10-19 00:00:00.000000000,5793.681,5822.124,5779.572,5791.607,173593,651692,648644
2018-10-22 00:00:00.000000000,5799.742,5823.736,5788.377,5807.187,161071,648644,640764
2018-10-23 00:00:00.000000000,5810.426,5820.204,5774.107,5780.579,163866,640764,634107
2018-10-24 00:00:00.000000000,5755.62,5793.191,5717.555,5726.809,227873,634107,617547
2018-10-25 00:00:00.000000000,5729.31,5756.044,5684.549,5705.767,201825,617547,612097
2018-10-26 00:00:00.000000000,5708.476,5731.586,5691.23,5698.958,167362,612097,615889
2018-10-29 00:00:00.000000000,5687.968,5731.331,5681.657,5724.584,180989,615889,612202
2018-10-30 00:00:00.000000000,5735.66,5756.098,5667.55,5677.508,221197,612202,615413
2018-10-31 00:00:00.000000000,5672.601,5694.376,5656.645,5681.906,119088,615413,608955
2018-11-01 00:00:00.000000000,5674.772,5702.921,5655.945,5662.169,197381,608955,592787
2018-11-02 00:00:00.000000000,5667.574,5684.833,5475.915,5507.887,521163,592787,575422
2018-11-05 00:00:00.000000000,5525.5,5586.301,5524.954,5577.761,205997,575422,544876
2018-11-06 00:00:00.000000000,5575.545,5591.188,5557.762,5578.737,142987,544876,528315
2018-11-07 00:00:00.000000000,5578.296,5588.715,5537.625,5560.198,129097,528315,527437
2018-11-08 00:00:00.000000000,5574.058,5581.472,5499.461,5516.919,179937,527437,531228
2018-11-09 00:00:00.000000000,5522.493,5524.436,5459.559,5492.02,218521,531228,530124
2018-11-12 00:00:00.000000000,5480.911,5509.557,5443.615,5504.654,215552,530124,519414
2018-11-13 00:00:00.000000000,5502.341,5506.001,5462.668,5482.097,124522,519414,521519
2018-11-14 00:00:00.000000000,5475.109,5501.641,5371.502,5395.551,235099,521519,524752
2018-11-15 00:00:00.000000000,5415.882,5445.367,5401.849,5424.736,147835,524752,518601
2018-11-16 00:00:00.000000000,5432.467,5505.443,5419.762,5475.04,194219,518601,514745
2018-11-19 00:00:00.000000000,5433.375,5462.151,5429.744,5453.758,153670,514745,509334
2018-11-20 00:00:00.000000000,5448.318,5473.449,5406.901,5443.741,186126,509334,501311
2018-11-21 00:00:00.000000000,5452.305,5492.229,5392.221,5475.612,254482,501311,501249
2018-11-22 00:00:00.000000000,5471.792,5476.303,5435.97,5464.806,157891,501249,504241
2018-11-23 00:00:00.000000000,5480.708,5488.527,5431.073,5453.142,166073,504241,502210
2018-11-26 00:00:00.000000000,5441.075,5504.099,5426.165,5489.968,228363,502210,494427
2018-11-27 00:00:00.000000000,5445.79,5490.475,5440.275,5442.15,198499,494427,489713
2018-11-28 00:00:00.000000000,5448.315,5477.678,5443.77,5465.877,150186,489713,490406
2018-11-29 00:00:00.000000000,5483.1,5497.929,5450.314,5462.351,154590,490406,491580
2018-11-30 00:00:00.000000000,5470.624,5508.459,5463.074,5505.681,113416,491580,478951
2018-12-03 00:00:00.000000000,5526.302,5528.188,5455.899,5465.771,249933,478951,490292
2018-12-04 00:00:00.000000000,5457.628,5513.3,5446.322,5478.33,223023,490292,492278
2018-12-05 00:00:00.000000000,5493.564,5502.115,5460.063,5467.213,167584,492278,492624
2018-12-06 00:00:00.000000000,5468.215,5490.39,5421.235,5467.336,298894,492624,505692
2018-12-07 00:00:00.000000000,5460.129,5467.752,5364.754,5367.989,308801,505692,519996
2018-12-10 00:00:00.000000000,5377.259,5403.282,5356.633,5361.422,214952,519996,523505
2018-12-11 00:00:00.000000000,5377.087,5384.189,5279.338,5289.217,347993,523505,505539
2018-12-12 00:00:00.000000000,5308.737,5323.433,5292.412,5303.262,201964,505539,494145
2018-12-13 00:00:00.000000000,5315.896,5321.308,5275.353,5286.436,218230,494145,495159
2018-12-14 00:00:00.000000000,5295.193,5307.056,5262.273,5271.416,228796,495159,486973
2018-12-17 00:00:00.000000000,5282.108,5294.909,5252.519,5281.47,163812,486973,480006
2018-12-18 00:00:00.000000000,5292.829,5338.326,5280.876,5332.224,221885,480006,450366
2018-12-19 00:00:00.000000000,5350.924,5384.63,5348.028,5381.045,218922,450366,426058
2018-12-20 00:00:00.000000000,5401.708,5409.606,5361.923,5393.335,217567,426058,414106
2018-12-21 00:00:00.000000000,5411.139,5418.709,5379.119,5397.084,137028,414106,409076
2018-12-24 00:00:00.000000000,5398.663,5424.722,5367.764,5419.175,211661,409076,413455
2018-12-25 00:00:00.000000000,5416.035,5431.899,5356.829,5361.761,209496,413455,406103
2018-12-26 00:00:00.000000000,5368.128,5389.092,5347.33,5375.234,140309,406103,402784
2018-12-27 00:00:00.000000000,5380.811,5397.501,5352.996,5359.194,174143,402784,413635
2018-12-28 00:00:00.000000000,5365.352,5368.655,5336.97,5349.77,169732,413635,414600
2019-01-02 00:00:00.000000000,5369.633,5442.019,5364.216,5440.393,116163,414600,408153
2019-01-03 00:00:00.000000000,5437.633,5509.517,5424.927,5506.281,216220,408153,430825
2019-01-04 00:00:00.000000000,5502.98,5525.969,5490.281,5525.969,161184,430825,432676
2019-01-07 00:00:00.000000000,5527.319,5533.557,5493.86,5522.774,173044,432676,435681
2019-01-08 00:00:00.000000000,5528.561,5597.144,5505.244,5585.643,250157,435681,444263
2019-01-09 00:00:00.000000000,5590.158,5614.336,5568.39,5588.402,179622,444263,448241
2019-01-10 00:00:00.000000000,5593.107,5636.619,5580.486,5581.432,272069,448241,453084
2019-01-11 00:00:00.000000000,5592.278,5603.691,5539.797,5567.294,217453,453084,436889
2019-01-14 00:00:00.000000000,5575.752,5622.87,5551.672,5580.092,267284,436889,443308
2019-01-15 00:00:00.000000000,5571.2,5573.554,5541.177,5566.988,151505,443308,439904
2019-01-16 00:00:00.000000000,5573.609,5582.85,5538.752,5562.257,165668,439904,439202
2019-01-17 00:00:00.000000000,5556.973,5559.814,5503.83,5512.292,215127,439202,445100
2019-01-18 00:00:00.000000000,5527.231,5606.807,5521.267,5590.869,192146,445100,440341
2019-01-21 00:00:00.000000000,5605.866,5707.462,5586.723,5689.885,290058,440341,436764
2019-01-22 00:00:00.000000000,5691.815,5716.178,5664.33,5691.073,213829,436764,434732
2019-01-23 00:00:00.000000000,5692.016,5726.757,5650.495,5686.784,223658,434732,452992
2019-01-24 00:00:00.000000000,5692.992,5726.604,5673.484,5702.59,187468,452992,459375
2019-01-25 00:00:00.000000000,5699.019,5723.065,5676.792,5706.812,183086,459375,455400
2019-01-28 00:00:00.000000000,5708.803,5816.731,5697.773,5802.047,270609,455400,467667
2019-01-29 00:00:00.000000000,5808.291,5824.186,5775.091,5801.833,211984,467667,465338
2019-01-30 00:00:00.000000000,5797.156,5806.714,5754.751,5777.514,218999,465338,459881
2019-01-31 00:00:00.000000000,5795.415,5797.431,5746.744,5748.323,185769,459881,451088
2019-02-01 00:00:00.000000000,5750.522,5767.226,5721.539,5741.233,149247,451088,451528
2019-02-11 00:00:00.000000000,5794.844,5818.896,5740.714,5764.247,153107,451528,456880
2019-02-12 00:00:00.000000000,5761.086,5777.175,5703.789,5727.671,202176,456880,470105
2019-02-13 00:00:00.000000000,5737.857,5747.616,5716.366,5735.448,141391,470105,467187
2019-02-14 00:00:00.000000000,5720.256,5745.392,5692.641,5733.417,184480,467187,466609
2019-02-15 00:00:00.000000000,5738.039,5744.471,5697.914,5703.886,127598,466609,465993
2019-02-18 00:00:00.000000000,5707.822,5760.271,5701.91,5758.213,161877,465993,477638
2019-02-19 00:00:00.000000000,5754.839,5811.736,5752.803,5811.292,211526,477638,481934
2019-02-20 00:00:00.000000000,5786.156,5791.091,5740.695,5741.18,240846,481934,486777
2019-02-21 00:00:00.000000000,5722.552,5745.391,5696.835,5726.113,205725,486777,487094
2019-02-22 00:00:00.000000000,5753.646,5790.217,5729.498,5744.677,226985,487094,475525
2019-02-25 00:00:00.000000000,5747.865,5790.316,5744.178,5759.428,233989,475525,471915
2019-02-26 00:00:00.000000000,5737.731,5765.726,5677.385,5677.385,284651,471915,477957
2019-02-27 00:00:00.000000000,5676.18,5713.634,5675.784,5687.683,171189,477957,478963
2019-02-28 00:00:00.000000000,5664.75,5734.46,5664.208,5703.004,199238,478963,479888
2019-03-01 00:00:00.000000000,5695.469,5829.974,5693.251,5789.204,395638,479888,471308
2019-03-04 00:00:00.000000000,5808.336,5896.183,5746.049,5822.553,413482,471308,503920
2019-03-05 00:00:00.000000000,5812.043,5831.013,5785.163,5809.121,235423,503920,494265
2019-03-06 00:00:00.000000000,5814.658,5894.313,5806.584,5832.275,418222,494265,516766
2019-03-07 00:00:00.000000000,5844.444,5870.307,5748.333,5753.549,345062,516766,504443
2019-03-08 00:00:00.000000000,5759.932,5785.276,5736.854,5756.579,259930,504443,505314
2019-03-11 00:00:00.000000000,5759.658,5797.535,5743.748,5756.042,201529,505314,503765
2019-03-12 00:00:00.000000000,5750.992,5774.36,5701.625,5712.928,285757,503765,496581
2019-03-13 00:00:00.000000000,5719.487,5752.446,5678.087,5679.375,268012,496581,486923
2019-03-14 00:00:00.000000000,5678.627,5699.659,5636.693,5647.215,296765,486923,477256
2019-03-15 00:00:00.000000000,5653.203,5653.203,5580.937,5592.41,251142,477256,467032
2019-03-18 00:00:00.000000000,5604.075,5641.194,5598.241,5629.718,179512,467032,462254
2019-03-19 00:00:00.000000000,5631.075,5636.807,5594.844,5598.283,166318,462254,475125
2019-03-20 00:00:00.000000000,5614.986,5634.501,5585.619,5631.389,213170,475125,476428
2019-03-21 00:00:00.000000000,5643.16,5643.16,5606.179,5624.052,117609,476428,475906
2019-03-22 00:00:00.000000000,5625.033,5627.769,5558.044,5579.324,256180,475906,480914
2019-03-25 00:00:00.000000000,5573.359,5580.598,5521.852,5523.941,202105,480914,485866
2019-03-26 00:00:00.000000000,5529.637,5556.487,5525.42,5528.205,155444,485866,479312
2019-03-27 00:00:00.000000000,5537.802,5568.649,5535.896,5560.742,180535,479312,469266
2019-03-28 00:00:00.000000000,5564.312,5572.114,5464.435,5505.323,262578,469266,464010
2019-03-29 00:00:00.000000000,5501.995,5509.471,5444.231,5462.112,232365,464010,470042
2019-04-01 00:00:00.000000000,5477.359,5494.534,5469.784,5482.619,144977,470042,466889
2019-04-02 00:00:00.000000000,5494.485,5511.195,5467.558,5498.304,199782,466889,467549
2019-04-03 00:00:00.000000000,5505.187,5562.203,5501.397,5533.972,222365,467549,470789
2019-04-04 00:00:00.000000000,5548.754,5558.574,5513.793,5541.987,189006,470789,466828
2019-04-08 00:00:00.000000000,5564.167,5573.754,5537.979,5548.286,108342,466828,471989
2019-04-09 00:00:00.000000000,5549.793,5586.415,5521.264,5576.838,228021,471989,479390
2019-04-10 00:00:00.000000000,5577.504,5587.902,5556.306,5560.296,221686,479390,478354
2019-04-11 00:00:00.000000000,5560.308,5575.552,5544.205,5550.902,167869,478354,480248
2019-04-12 00:00:00.000000000,5549.517,5561.117,5531.36,5559.221,184127,480248,477712
2019-04-15 00:00:00.000000000,5565.806,5581.849,5536.441,5538.333,235914,477712,486438
2019-04-16 00:00:00.000000000,5528.253,5542.702,5488.226,5512.048,261482,486438,485718
2019-04-17 00:00:00.000000000,5516.052,5539.503,5514.413,5538.085,163646,485718,480643
2019-04-18 00:00:00.000000000,5538.402,5550.997,5466.948,5469.377,252712,480643,482597
2019-04-19 00:00:00.000000000,5480.389,5502.878,5473.886,5486.361,197616,482597,478835
2019-04-22 00:00:00.000000000,5485.505,5520.975,5485.505,5493.191,187489,478835,467009
2019-04-23 00:00:00.000000000,5493.018,5517.004,5465.59,5488.309,171127,467009,469183
2019-04-24 00:00:00.000000000,5492.495,5492.495,5420.397,5442.001,283713,469183,473299
2019-04-25 00:00:00.000000000,5455.264,5463.283,5433.945,5442.246,165168,473299,458953
2019-04-26 00:00:00.000000000,5441.918,5445.762,5330.235,5358.231,350337,458953,484492
2019-04-29 00:00:00.000000000,5356.383,5372.934,5349.178,5359.643,144588,484492,476897
2019-04-30 00:00:00.000000000,5360.601,5386.04,5340.65,5379.063,159028,476897,456685
2019-05-06 00:00:00.000000000,5285.773,5377.619,5274.297,5354.261,236084,456685,435063
2019-05-07 00:00:00.000000000,5348.348,5420.386,5346.409,5414.754,226813,435063,433444
2019-05-08 00:00:00.000000000,5422.708,5432.148,5393.96,5398.083,157868,433444,428763
2019-05-09 00:00:00.000000000,5414.929,5447.535,5394.941,5435.946,240969,428763,432877
2019-05-10 00:00:00.000000000,5428.186,5438.224,5364.219,5393.427,271377,432877,445434
2019-05-13 00:00:00.000000000,5394.855,5417.614,5376.913,5394.418,170418,445434,441158
2019-05-14 00:00:00.000000000,5407.453,5457.476,5379.223,5390.671,300005,441158,437751
2019-05-15 00:00:00.000000000,5413.33,5451.503,5401.421,5438.097,227268,437751,451536
2019-05-16 00:00:00.000000000,5448.447,5487.448,5447.979,5481.158,258171,451536,451385
2019-05-17 00:00:00.000000000,5491.715,5520.761,5475.548,5487.467,266872,451385,434063
2019-05-20 00:00:00.000000000,5491.096,5522.591,5476.845,5482.844,172866,434063,436115
2019-05-21 00:00:00.000000000,5489.857,5513.857,5468.394,5504.375,189962,436115,439721
2019-05-22 00:00:00.000000000,5500.48,5503.946,5400.749,5422.215,282479,439721,440859
2019-05-23 00:00:00.000000000,5425.225,5442.934,5370.062,5371.792,209524,440859,445845
2019-05-24 00:00:00.000000000,5361.5,5389.214,5359.772,5377.512,149114,445845,446521
2019-05-27 00:00:00.000000000,5387.332,5414.305,5374.854,5404.295,182613,446521,450214
2019-05-28 00:00:00.000000000,5400.932,5423.473,5392.946,5420.67,139498,450214,447608
2019-05-29 00:00:00.000000000,5428.223,5604.452,5424.229,5572.71,586574,447608,467998
2019-05-30 00:00:00.000000000,5571.303,5572.991,5480.01,5499.376,359339,467998,465380
2019-05-31 00:00:00.000000000,5515.36,5543.143,5503.796,5506.408,178145,465380,465905
2019-06-03 00:00:00.000000000,5498.234,5500.517,5413.861,5415.553,287050,465905,470216
2019-06-04 00:00:00.000000000,5428.207,5486.539,5420.221,5479.178,249995,470216,491864
2019-06-05 00:00:00.000000000,5483.1,5501.797,5466.825,5477.898,220405,491864,501647
2019-06-06 00:00:00.000000000,5479.428,5514.75,5439.509,5465.016,266419,501647,477559
2019-06-10 00:00:00.000000000,5473.655,5500.086,5461.78,5486.791,140498,477559,476564
2019-06-11 00:00:00.000000000,5478.718,5509.428,5471.827,5493.826,205473,476564,477094
2019-06-12 00:00:00.000000000,5498.714,5508.58,5431.446,5437.033,226023,477094,470103
2019-06-13 00:00:00.000000000,5437.667,5495.273,5437.392,5488.952,205966,470103,472727
2019-06-14 00:00:00.000000000,5495.221,5556.546,5485.359,5503.969,305688,472727,474386
2019-06-17 00:00:00.000000000,5515.904,5550.179,5494.019,5546.569,217418,474386,475808
2019-06-18 00:00:00.000000000,5556.3,5556.3,5520.8,5538.713,161149,475808,473311
2019-06-19 00:00:00.000000000,5531.704,5539.211,5461.791,5470.833,276719,473311,466163
2019-06-20 00:00:00.000000000,5480.924,5495.881,5459.531,5467.788,146064,466163,465727
2019-06-21 00:00:00.000000000,5469.607,5497.25,5439.086,5452.896,186499,465727,467422
2019-06-24 00:00:00.000000000,5450.681,5461.182,5413.618,5422.646,177447,467422,467240
2019-06-25 00:00:00.000000000,5431.75,5449.09,5430.041,5439.272,133090,467240,464579
2019-06-26 00:00:00.000000000,5432.684,5443.901,5391.206,5408.685,191060,464579,466101
2019-06-27 00:00:00.000000000,5412.469,5461.775,5403.814,5456.41,197203,466101,467599
2019-06-28 00:00:00.000000000,5453.928,5462.631,5419.672,5429.289,158120,467599,472761
2019-07-01 00:00:00.000000000,5428.118,5499.08,5381.631,5478.647,367509,472761,481663
2019-07-02 00:00:00.000000000,5477.673,5488.042,5434.214,5472.212,238055,481663,482170
2019-07-03 00:00:00.000000000,5478.58,5496.058,5415.065,5454.417,239129,482170,500723
2019-07-04 00:00:00.000000000,5460.804,5485.009,5448.111,5475.146,208883,500723,502687
2019-07-05 00:00:00.000000000,5476.361,5493.265,5458.013,5480.212,180731,502687,493578
2019-07-08 00:00:00.000000000,5484.442,5525.531,5463.359,5507.702,247931,493578,491472
2019-07-09 00:00:00.000000000,5508.765,5539.904,5460.233,5461.099,329947,491472,474765
2019-07-10 00:00:00.000000000,5476.619,5515.356,5464.167,5494.618,197912,474765,462813
2019-07-11 00:00:00.000000000,5516.772,5523.986,5474.801,5494.258,222267,462813,475426
2019-07-12 00:00:00.000000000,5498.622,5507.322,5446.839,5458.024,220651,475426,498639
2019-07-15 00:00:00.000000000,5466.795,5531.383,5460.455,5523.311,242044,498639,498866
2019-07-16 00:00:00.000000000,5515.086,5517.74,5480.518,5496.245,185742,498866,488438
2019-07-17 00:00:00.000000000,5488.083,5498.286,5466.758,5482.091,214303,488438,505712
2019-07-18 00:00:00.000000000,5499.787,5505.195,5444.495,5479.513,227720,505712,518174
2019-07-19 00:00:00.000000000,5481.741,5487.994,5455.838,5464.919,133107,518174,530705
2019-07-22 00:00:00.000000000,5465.128,5497.264,5457.42,5494.195,204495,530705,528092
2019-07-23 00:00:00.000000000,5496.845,5514.299,5483.146,5512.399,255262,528092,541343
2019-07-24 00:00:00.000000000,5514.756,5566.523,5501.786,5555.062,315166,541343,546236
2019-07-25 00:00:00.000000000,5563.159,5623.366,5558.247,5599.477,349401,546236,554713
2019-07-26 00:00:00.000000000,5619.018,5631.707,5585.248,5609.427,267717,554713,551714
2019-07-29 00:00:00.000000000,5617.904,5697.497,5596.83,5655.278,435533,551714,554631
2019-07-30 00:00:00.000000000,5665.042,5689.193,5643.718,5656.571,243681,554631,550362
2019-07-31 00:00:00.000000000,5664.557,5679.985,5627.031,5639.841,221908,550362,560550
2019-08-01 00:00:00.000000000,5644.848,5657.351,5598.19,5613.261,256724,560550,559590
2019-08-02 00:00:00.000000000,5623.784,5679.578,5603.837,5654.317,326909,559590,556185
2019-08-05 00:00:00.000000000,5667.997,5797.755,5663.68,5785.32,566449,556185,576514
2019-08-06 00:00:00.000000000,5786.426,5849.218,5779.876,5823.873,415176,576514,580929
2019-08-07 00:00:00.000000000,5826.07,5852.617,5777.765,5845.819,340392,580929,582680
2019-08-08 00:00:00.000000000,5845.267,5938.773,5823.441,5931.49,513384,582680,611409
2019-08-09 00:00:00.000000000,5945.345,6128.982,5939.073,6119.438,889340,611409,648475
2019-08-12 00:00:00.000000000,6129.997,6209.162,6086.394,6138.97,776867,648475,642217
2019-08-13 00:00:00.000000000,6139.727,6201.298,6109.128,6189.982,544525,642217,650878
2019-08-14 00:00:00.000000000,6183.125,6185.125,6013.135,6126.949,741434,650878,629855
2019-08-15 00:00:00.000000000,6127.957,6172.565,6099.894,6120.511,529350,629855,628541
2019-08-16 00:00:00.000000000,6130.916,6275.286,6101.609,6165.197,849540,628541,643953
2019-08-19 00:00:00.000000000,6170.097,6201.419,6099.767,6134.89,490771,643953,622078
2019-08-20 00:00:00.000000000,6126.619,6173.281,6083.174,6169.014,485093,622078,630521
2019-08-21 00:00:00.000000000,6164.41,6212.646,6113.233,6137.164,567466,630521,636752
2019-08-22 00:00:00.000000000,6165.54,6207.287,6139.643,6182.289,609835,636752,632521
2019-08-23 00:00:00.000000000,6197.38,6212.08,6130.722,6174.81,484316,632521,639406
2019-08-26 00:00:00.000000000,6188.226,6312.827,6161.23,6249.979,614258,639406,633787
2019-08-27 00:00:00.000000000,6233.111,6242.403,6105.216,6119.396,563703,633787,597519
2019-08-28 00:00:00.000000000,6123.315,6136.344,6070.484,6113.6,396220,597519,603545
2019-08-29 00:00:00.000000000,6114.412,6142.715,6083.282,6119.008,397448,603545,605892
2019-08-30 00:00:00.000000000,6097.864,6134.063,6031.551,6043.442,497411,605892,589893
2019-09-02 00:00:00.000000000,6058.71,6116.893,6049.168,6077.262,389683,589893,601902
2019-09-03 00:00:00.000000000,6074.217,6081.333,6026.774,6043.127,357761,601902,590606
2019-09-04 00:00:00.000000000,6024.477,6163.543,6020.182,6153.697,619915,590606,590226
2019-09-05 00:00:00.000000000,6146.54,6167.881,6091.688,6102.851,436221,590226,585063
2019-09-06 00:00:00.000000000,6109.05,6125.184,5986.929,6065.975,560101,585063,562607
2019-09-09 00:00:00.000000000,6079.124,6114.292,6027.502,6047.023,374531,562607,566546
2019-09-10 00:00:00.000000000,6051.747,6084.129,6010.104,6054.286,406103,566546,561493
2019-09-11 00:00:00.000000000,6071.334,6134.161,6032.321,6056.092,556449,561493,565233
2019-09-12 00:00:00.000000000,6051.657,6087.492,6024.97,6042.436,334279,565233,566604
2019-09-16 00:00:00.000000000,6091.862,6137.03,6063.227,6109.057,325666,566604,558829
2019-09-17 00:00:00.000000000,6112.267,6236.899,6095.531,6211.33,597912,558829,583300
2019-09-18 00:00:00.000000000,6191.794,6201.238,6130.208,6135.543,358439,583300,576995
2019-09-19 00:00:00.000000000,6136.209,6150.596,6071.162,6073.854,427402,576995,590288
2019-09-20 00:00:00.000000000,6083.46,6093.854,6026.566,6038.497,327500,590288,581536
2019-09-23 00:00:00.000000000,6041.516,6097.208,6036.595,6070.732,317307,581536,573677
2019-09-24 00:00:00.000000000,6063.447,6065.109,5985.13,5995.565,462639,573677,569463
2019-09-25 00:00:00.000000000,5993.685,6045.56,5988.157,6023.435,394386,569463,538931
2019-09-26 00:00:00.000000000,6021.863,6034.839,5997.46,6026.954,249458,538931,523807
2019-09-27 00:00:00.000000000,6037.63,6037.63,5897.981,5921.811,507364,523807,483856
2019-09-30 00:00:00.000000000,5932.239,5937.15,5865.801,5880.578,250158,483856,457096
2019-10-08 00:00:00.000000000,5965.5,5982.782,5920.359,5953.643,209814,457096,457835
2019-10-09 00:00:00.000000000,5953.648,6032.55,5950.703,6019.925,316237,457835,477544
2019-10-10 00:00:00.000000000,6021.334,6037.284,5986.794,6012.848,240945,477544,479847
2019-10-11 00:00:00.000000000,6010.566,6078.081,5996.02,6061.666,332144,479847,498618
2019-10-14 00:00:00.000000000,6049.886,6049.886,5931.553,5934.887,398180,498618,502242
2019-10-15 00:00:00.000000000,5944.413,5967.316,5913.229,5946.523,243784,502242,506153
2019-10-16 00:00:00.000000000,5960.977,6032.841,5953.417,6021.026,346103,506153,512436
2019-10-17 00:00:00.000000000,6021.634,6062.965,6016.229,6044.901,363763,512436,516262
2019-10-18 00:00:00.000000000,6052.064,6074.493,6013.74,6043.492,365194,516262,512294
2019-10-21 00:00:00.000000000,6062.853,6102.76,6036.667,6073.965,421252,512294,523864
2019-10-22 00:00:00.000000000,6066.091,6076.504,6020.833,6048.194,256910,523864,527267
2019-10-23 00:00:00.000000000,6075.846,6139.193,6055.568,6088.813,469998,527267,550985
2019-10-24 00:00:00.000000000,6076.771,6136.292,6038.242,6125.593,411571,550985,575868
2019-10-25 00:00:00.000000000,6136.138,6274.031,6136.138,6167.055,771140,575868,614753
2019-10-28 00:00:00.000000000,6162.79,6219.03,6155.161,6206.822,440805,614753,621447
2019-10-29 00:00:00.000000000,6214.912,6238.646,6163.353,6184.135,398871,621447,613932
2019-10-30 00:00:00.000000000,6176.655,6267.289,6175.242,6235.902,566556,613932,630449
2019-10-31 00:00:00.000000000,6262.938,6279.092,6182.152,6208.427,498403,630449,635323
2019-11-01 00:00:00.000000000,6197.473,6300.51,6193.653,6241.904,554931,635323,644173
2019-11-04 00:00:00.000000000,6236.446,6337.331,6214.147,6308.707,722900,644173,681361
2019-11-05 00:00:00.000000000,6323.16,6452.095,6316.25,6354.674,1026353,681361,707475
2019-11-06 00:00:00.000000000,6328.011,6349.389,6268.842,6315.553,738536,707475,692559
2019-11-07 00:00:00.000000000,6347.667,6370.185,6279.275,6294.908,767180,692559,692382
2019-11-08 00:00:00.000000000,6307.763,6377.281,6240.694,6342.012,769736,692382,716271
2019-11-11 00:00:00.000000000,6366.214,6472.457,6328.307,6449.022,942489,716271,741725
2019-11-12 00:00:00.000000000,6430.388,6460.533,6393.098,6414.896,691321,741725,738206
2019-11-13 00:00:00.000000000,6390.582,6410.225,6331.294,6345.446,615647,738206,735411
2019-11-14 00:00:00.000000000,6323.504,6328.792,6264.754,6312.179,635221,735411,730466
2019-11-15 00:00:00.000000000,6316.074,6323.576,6220.614,6239.535,711591,730466,712702
2019-11-18 00:00:00.000000000,6227.878,6289.977,6199.678,6284.051,613236,712702,737129
2019-11-19 00:00:00.000000000,6265.754,6324.213,6252.247,6283.582,580329,737129,730495
2019-11-20 00:00:00.000000000,6294.277,6423.918,6290.594,6374.433,881508,730495,749480
2019-11-21 00:00:00.000000000,6382.904,6427.108,6333.841,6360.876,677112,749480,744139
2019-11-22 00:00:00.000000000,6350.423,6385.808,6298.671,6336.803,484021,744139,746813
2019-11-25 00:00:00.000000000,6407.834,6415.599,6346.895,6355.358,625195,746813,744588
2019-11-26 00:00:00.000000000,6339.063,6340.292,6167.624,6240.756,1150469,744588,716111
2019-11-27 00:00:00.000000000,6237.981,6252.542,6190.882,6212.456,573102,716111,696605
2019-11-28 00:00:00.000000000,6233.407,6253.637,6179.252,6209.774,540287,696605,695186
2019-11-29 00:00:00.000000000,6249.048,6302.235,6218.842,6280.833,602811,695186,678755
2019-12-02 00:00:00.000000000,6262.323,6284.533,6175.316,6196.302,591564,678755,686344
2019-12-03 00:00:00.000000000,6219.714,6239.106,6151.417,6229.403,516554,686344,682858
2019-12-04 00:00:00.000000000,6227.083,6268.229,6201.574,6234.135,512749,682858,681064
2019-12-05 00:00:00.000000000,6238.268,6305.249,6218.979,6284.462,501402,681064,708660
2019-12-06 00:00:00.000000000,6305.76,6337.022,6258.258,6316.291,640252,708660,716387
2019-12-09 00:00:00.000000000,6331.811,6440.223,6314.415,6373.921,692818,716387,716476
2019-12-10 00:00:00.000000000,6386.933,6415.32,6328.67,6372.565,656114,716476,719730
2019-12-11 00:00:00.000000000,6364.728,6377.834,6296.885,6319.499,482840,719730,698007
2019-12-12 00:00:00.000000000,6307.38,6395.121,6300.34,6376.844,496983,698007,718477
2019-12-13 00:00:00.000000000,6371.447,6496.334,6371.447,6453.941,1067048,718477,765959
2019-12-16 00:00:00.000000000,6425.801,6491.66,6400.458,6466.316,783750,765959,766101
2019-12-17 00:00:00.000000000,6487.665,6578.325,6472.382,6572.246,792722,766101,806401
2019-12-18 00:00:00.000000000,6578.11,6601.064,6535.133,6540.208,684520,806401,782161
2019-12-19 00:00:00.000000000,6547.981,6597.811,6518.808,6543.706,798202,782161,793973
2019-12-20 00:00:00.000000000,6564.043,6638.43,6545.528,6605.081,738227,793973,793919
2019-12-23 00:00:00.000000000,6609.201,6616.751,6524.844,6561.072,621877,793919,774389
2019-12-24 00:00:00.000000000,6561.034,6582.732,6504.366,6560.421,517258,774389,760761
2019-12-25 00:00:00.000000000,6568.55,6573.853,6527.141,6553.231,323010,760761,749897
2019-12-26 00:00:00.000000000,6547.126,6624.3,6536.726,6589.6,550515,749897,765985
2019-12-27 00:00:00.000000000,6639.123,6759.368,6631.363,6747.096,766475,765985,785678
2019-12-30 00:00:00.000000000,6750.939,6772.555,6713.386,6745.243,514934,785678,790741
2019-12-31 00:00:00.000000000,6778.137,6832.981,6731.315,6784.707,682152,790741,802169
2020-01-02 00:00:00.000000000,6701.368,6778.522,6697.07,6776.193,357403,802169,783642
2020-01-03 00:00:00.000000000,6793.841,6874.401,6779.256,6788.045,683963,783642,785443
2020-01-06 00:00:00.000000000,6817.645,6871.548,6773.621,6800.58,503229,785443,778606
2020-01-07 00:00:00.000000000,6774.224,6853.979,6719.63,6853.646,556205,778606,794757
2020-01-08 00:00:00.000000000,6834.958,6883.67,6799.648,6819.968,591968,794757,801862
