datetime,KQ.i@DCE.p.open,KQ.i@DCE.p.high,KQ.i@DCE.p.low,KQ.i@DCE.p.close,KQ.i@DCE.p.volume,KQ.i@DCE.p.open_oi,KQ.i@DCE.p.close_oi
2016-06-01 00:00:00.000000000,5218.979,5256.632,5192.251,5216.391,407348,278781,281803
2016-06-02 00:00:00.000000000,5180.023,5297.593,5141.913,5278.184,487145,281803,290246
2016-06-03 00:00:00.000000000,5302.477,5342.537,5277.171,5328.537,427436,290246,295060
2016-06-06 00:00:00.000000000,5360.021,5369.368,5284.711,5354.676,332576,295060,299438
2016-06-07 00:00:00.000000000,5358.217,5454.346,5319.815,5450.432,499988,299438,311157
2016-06-08 00:00:00.000000000,5394.279,5405.498,5316.132,5357.456,460270,311157,297954
2016-06-13 00:00:00.000000000,5405.084,5411.433,5219.492,5222.064,435821,297954,308072
2016-06-14 00:00:00.000000000,5200.967,5249.561,5131.573,5143.585,447942,308072,301915
2016-06-15 00:00:00.000000000,5143.695,5168.179,5051.405,5058.669,441230,301915,308964
2016-06-16 00:00:00.000000000,5081.893,5099.976,5014.533,5025.561,405172,308964,301961
2016-06-17 00:00:00.000000000,5014.659,5079.466,4970.97,5067.181,381413,301961,289947
2016-06-20 00:00:00.000000000,5082.802,5120.293,5053.98,5088.521,352608,289947,292693
2016-06-21 00:00:00.000000000,5045.771,5116.736,5012.565,5029.609,537859,292693,321120
2016-06-22 00:00:00.000000000,5001.697,5100.208,4995.886,5087.638,387538,321120,310534
2016-06-23 00:00:00.000000000,5081.38,5128.83,5032.691,5053.194,454134,310534,314253
2016-06-24 00:00:00.000000000,5078.59,5101.761,4982.083,4995.841,516571,314253,318948
2016-06-27 00:00:00.000000000,4985.708,5104.093,4977.708,5097.188,327618,318948,319500
2016-06-28 00:00:00.000000000,5063.737,5201.336,5063.737,5183.983,560946,319500,328963
2016-06-29 00:00:00.000000000,5183.386,5208.907,5094.276,5139.703,468303,328963,331858
2016-06-30 00:00:00.000000000,5118.321,5209.346,5087.293,5198.257,578719,331858,345752
2016-07-01 00:00:00.000000000,5190.753,5255.208,5171.383,5192.784,593189,345752,354005
2016-07-04 00:00:00.000000000,5202.421,5412.396,5192.349,5309.801,873435,354005,388700
2016-07-05 00:00:00.000000000,5339.664,5381.436,5094.783,5249.679,846629,388700,372038
2016-07-06 00:00:00.000000000,5249.751,5279.743,5062.765,5062.765,581647,372038,354698
2016-07-07 00:00:00.000000000,5022.046,5043.724,4894.817,4898.667,586938,354698,351481
2016-07-08 00:00:00.000000000,4933.915,4986.438,4820.22,4891.456,621173,351481,349032
2016-07-11 00:00:00.000000000,4924.21,4987.576,4892.351,4975.03,418268,349032,344377
2016-07-12 00:00:00.000000000,4968.71,5004.336,4910.684,4944.4,466092,344377,352962
2016-07-13 00:00:00.000000000,4910.422,5062.256,4910.422,5010.907,503533,352962,353052
2016-07-14 00:00:00.000000000,5030.139,5064.638,4938.929,5062.816,541249,353052,372791
2016-07-15 00:00:00.000000000,5070.19,5143.449,5028.011,5130.534,757098,372791,371306
2016-07-18 00:00:00.000000000,5123.755,5187.407,5091.432,5161.41,664129,371306,346964
2016-07-19 00:00:00.000000000,5144.11,5170.327,5063.462,5119.093,579259,346964,344296
2016-07-20 00:00:00.000000000,5132.532,5203.479,5088.018,5185.586,637128,344296,360407
2016-07-21 00:00:00.000000000,5165.36,5180.347,5127.688,5135.142,489207,360407,347959
2016-07-22 00:00:00.000000000,5134.438,5158.708,4991.527,5010.995,577863,347959,349179
2016-07-25 00:00:00.000000000,4980.557,5020.683,4947.453,4973.097,379421,349179,349399
2016-07-26 00:00:00.000000000,4936.172,4975.37,4906.318,4963.425,328414,349399,352739
2016-07-27 00:00:00.000000000,4970.262,5028.89,4963.753,5005.708,366391,352739,352143
2016-07-28 00:00:00.000000000,5014.2,5018.573,4965.032,4977.176,295015,352143,356570
2016-07-29 00:00:00.000000000,4953.313,5084.45,4936.087,5048.264,583295,356570,364650
2016-08-01 00:00:00.000000000,5054.575,5183.75,5052.81,5159.782,473294,364650,383064
2016-08-02 00:00:00.000000000,5132.154,5177.934,5065.976,5158.792,519213,383064,382571
2016-08-03 00:00:00.000000000,5161.916,5226.015,5126.734,5199.168,567186,382571,397267
2016-08-04 00:00:00.000000000,5264.855,5276.325,5178.388,5254.791,623729,397267,416981
2016-08-05 00:00:00.000000000,5268.72,5268.72,5202.019,5215.734,508031,416981,405898
2016-08-08 00:00:00.000000000,5202.77,5269.285,5159.374,5252.051,431340,405898,414699
2016-08-09 00:00:00.000000000,5253.108,5358.28,5241.78,5345.629,483434,414699,436281
2016-08-10 00:00:00.000000000,5328.329,5365.894,5284.762,5317.009,460824,436281,438747
2016-08-11 00:00:00.000000000,5368.277,5381.85,5244.412,5249.665,524536,438747,432570
2016-08-12 00:00:00.000000000,5259.1,5357.059,5248.804,5348.052,493628,432570,433963
2016-08-15 00:00:00.000000000,5335.161,5499.421,5305.78,5496.743,696985,433963,462492
2016-08-16 00:00:00.000000000,5511.604,5546.957,5490.993,5503.147,489145,462492,440899
2016-08-17 00:00:00.000000000,5502.963,5596.371,5472.716,5567.951,634719,440899,474019
2016-08-18 00:00:00.000000000,5601.071,5603.312,5550.37,5572.112,588472,474019,471413
2016-08-19 00:00:00.000000000,5550.762,5595.841,5514.471,5569.742,538787,471413,472062
2016-08-22 00:00:00.000000000,5537.078,5578.655,5475.389,5490.62,525733,472062,450725
2016-08-23 00:00:00.000000000,5466.955,5514.307,5453.554,5495.972,443768,450725,455024
2016-08-24 00:00:00.000000000,5517.216,5613.484,5511.799,5594.461,641660,455024,480475
2016-08-25 00:00:00.000000000,5583.488,5599.558,5434.643,5516.757,712471,480475,429268
2016-08-26 00:00:00.000000000,5503.844,5506.197,5393.508,5462.009,592077,429268,425826
2016-08-29 00:00:00.000000000,5479.21,5521.608,5432.439,5450.677,531229,425826,434899
2016-08-30 00:00:00.000000000,5419.604,5478.6,5418.425,5440.032,493591,434899,426302
2016-08-31 00:00:00.000000000,5436.987,5457.722,5332.692,5338.58,572213,426302,409424
2016-09-01 00:00:00.000000000,5331.829,5362.764,5297.365,5333.717,446115,409424,402684
2016-09-02 00:00:00.000000000,5338.804,5441.817,5326.657,5419.617,512591,402684,403274
2016-09-05 00:00:00.000000000,5456.234,5559.166,5448.16,5541.615,627947,403274,437381
2016-09-06 00:00:00.000000000,5550.136,5589.122,5526.651,5564.343,502112,437381,456977
2016-09-07 00:00:00.000000000,5539.102,5549.885,5496.924,5519.437,484405,456977,453679
2016-09-08 00:00:00.000000000,5512.76,5562.342,5482.345,5510.669,603897,453679,468082
2016-09-09 00:00:00.000000000,5521.793,5591.008,5504.099,5586.167,626980,468082,502309
2016-09-12 00:00:00.000000000,5575.519,5581.889,5453.983,5469.88,585237,502309,436051
2016-09-13 00:00:00.000000000,5454.032,5532.411,5424.938,5529.958,597921,436051,447980
2016-09-14 00:00:00.000000000,5479.288,5484.791,5337.487,5341.004,566212,447980,408890
2016-09-19 00:00:00.000000000,5398.096,5472.095,5393.072,5466.68,306889,408890,398460
2016-09-20 00:00:00.000000000,5522.513,5650.118,5498.063,5650.118,553053,398460,462899
2016-09-21 00:00:00.000000000,5658.382,5722.245,5646.026,5677.649,632260,462899,464990
2016-09-22 00:00:00.000000000,5650.13,5755.621,5639.961,5666.51,712872,464990,474271
2016-09-23 00:00:00.000000000,5721.539,5744.045,5669.952,5696.037,554561,474271,492545
2016-09-26 00:00:00.000000000,5667.003,5791.605,5653.123,5775.573,685193,492545,527596
2016-09-27 00:00:00.000000000,5763.821,5773.827,5677.77,5719.19,515774,527596,506706
2016-09-28 00:00:00.000000000,5671.54,5692.512,5601.511,5624.12,651180,506706,482872
2016-09-29 00:00:00.000000000,5570.688,5644.321,5533.977,5547.934,559141,482872,438620
2016-09-30 00:00:00.000000000,5557.734,5568.308,5472.828,5491.653,400705,438620,389874
2016-10-10 00:00:00.000000000,5426.245,5484.622,5398.365,5461.246,315789,389874,376498
2016-10-11 00:00:00.000000000,5443.641,5544.074,5443.641,5535.31,474300,376498,391336
2016-10-12 00:00:00.000000000,5555.982,5557.385,5485.842,5508.988,437251,391336,393884
2016-10-13 00:00:00.000000000,5536.922,5582.397,5433.241,5462.47,582758,393884,391458
2016-10-14 00:00:00.000000000,5466.067,5529.878,5400.435,5515.923,467756,391458,379240
2016-10-17 00:00:00.000000000,5533.512,5735.556,5530.614,5735.194,474079,379240,407051
2016-10-18 00:00:00.000000000,5809.736,5864.546,5760.632,5862.306,688409,407051,406134
2016-10-19 00:00:00.000000000,5769.018,5859.157,5692.156,5835.257,767783,406134,402150
2016-10-20 00:00:00.000000000,5819.929,5880.016,5772.461,5799.206,644490,402150,413182
2016-10-21 00:00:00.000000000,5781.58,5812.816,5672.479,5731.056,618785,413182,397044
2016-10-24 00:00:00.000000000,5755.731,5953.184,5737.64,5946.167,660578,397044,438548
2016-10-25 00:00:00.000000000,5999.837,6105.183,5909.207,5917.257,976413,438548,427826
2016-10-26 00:00:00.000000000,5909.752,6066.076,5894.929,6064.146,884466,427826,468572
2016-10-27 00:00:00.000000000,6055.775,6068.696,5948.591,5962.051,600565,468572,461680
2016-10-28 00:00:00.000000000,5969.249,6041.809,5907.131,6035.158,607487,461680,481608
2016-10-31 00:00:00.000000000,6017.604,6031.836,5926.317,5966.241,593193,481608,475057
2016-11-01 00:00:00.000000000,5915.617,6025.754,5880.269,5885.271,689220,475057,479313
2016-11-02 00:00:00.000000000,5870.71,5922.496,5801.698,5845.575,578460,479313,456683
2016-11-03 00:00:00.000000000,5891.023,5912.341,5850.129,5869.703,452396,456683,458292
2016-11-04 00:00:00.000000000,5904.697,5979.418,5880.743,5880.743,651127,458292,456484
2016-11-07 00:00:00.000000000,5849.854,6021.362,5838.087,5984.13,549636,456484,480173
2016-11-08 00:00:00.000000000,6004.853,6141.019,5946.522,6127.349,783645,480173,519652
2016-11-09 00:00:00.000000000,6133.051,6173.859,5990.565,6040.0,642348,519652,499255
2016-11-10 00:00:00.000000000,6075.328,6191.28,5974.926,6137.002,928827,499255,490201
2016-11-11 00:00:00.000000000,6143.52,6362.005,6101.073,6259.586,1077216,490201,520524
2016-11-14 00:00:00.000000000,6248.542,6330.401,5929.267,5929.267,848832,520524,461437
2016-11-15 00:00:00.000000000,5837.413,5986.361,5819.158,5892.454,514901,461437,430436
2016-11-16 00:00:00.000000000,5867.247,6063.687,5867.247,6060.994,603834,430436,453409
2016-11-17 00:00:00.000000000,6042.107,6083.264,5978.839,6047.222,569089,453409,460951
2016-11-18 00:00:00.000000000,6050.829,6091.684,5969.098,5997.686,510359,460951,456029
2016-11-21 00:00:00.000000000,6019.378,6141.302,5981.683,6122.756,541240,456029,485649
2016-11-22 00:00:00.000000000,6132.565,6183.903,6098.617,6123.505,607126,485649,482543
2016-11-23 00:00:00.000000000,6095.978,6178.115,6087.525,6133.246,502306,482543,496215
2016-11-24 00:00:00.000000000,6132.382,6424.614,6060.971,6229.81,893554,496215,481239
2016-11-25 00:00:00.000000000,6237.103,6337.377,6201.275,6315.693,614246,481239,487479
2016-11-28 00:00:00.000000000,6319.809,6372.066,6264.642,6338.733,616190,487479,504064
2016-11-29 00:00:00.000000000,6339.512,6348.644,6213.69,6221.227,448254,504064,481686
2016-11-30 00:00:00.000000000,6202.843,6263.962,6118.269,6214.265,630370,481686,445956
2016-12-01 00:00:00.000000000,6273.221,6333.848,6209.836,6254.306,564872,445956,438197
2016-12-02 00:00:00.000000000,6266.195,6374.16,6220.435,6353.794,633632,438197,451046
2016-12-05 00:00:00.000000000,6336.036,6403.49,6252.103,6370.919,570614,451046,439187
2016-12-06 00:00:00.000000000,6392.969,6433.268,6329.865,6344.394,417825,439187,428858
2016-12-07 00:00:00.000000000,6419.712,6456.311,6360.982,6414.585,545932,428858,424542
2016-12-08 00:00:00.000000000,6379.849,6386.238,6290.826,6297.925,414197,424542,416199
2016-12-09 00:00:00.000000000,6303.381,6305.109,6201.74,6296.445,367111,416199,398202
2016-12-12 00:00:00.000000000,6273.391,6403.854,6251.043,6346.962,384754,398202,390720
2016-12-13 00:00:00.000000000,6323.958,6364.188,6249.73,6300.984,336961,390720,380583
2016-12-14 00:00:00.000000000,6321.14,6339.14,6247.574,6305.335,418413,380583,369089
2016-12-15 00:00:00.000000000,6292.009,6477.304,6240.718,6423.785,622427,369089,372266
2016-12-16 00:00:00.000000000,6415.815,6540.039,6384.95,6407.453,611403,372266,375417
2016-12-19 00:00:00.000000000,6402.628,6518.517,6369.885,6392.115,569514,375417,363036
2016-12-20 00:00:00.000000000,6344.928,6362.814,6202.31,6236.997,528441,363036,347542
2016-12-21 00:00:00.000000000,6249.771,6277.023,6181.867,6247.992,384469,347542,346678
2016-12-22 00:00:00.000000000,6249.439,6288.747,6149.865,6152.315,353586,346678,343332
2016-12-23 00:00:00.000000000,6130.959,6146.333,6012.462,6063.345,496664,343332,331051
2016-12-26 00:00:00.000000000,6095.268,6119.299,5982.458,6089.695,471480,331051,317926
2016-12-27 00:00:00.000000000,6096.954,6235.784,6056.301,6219.742,412985,317926,322385
2016-12-28 00:00:00.000000000,6217.629,6287.018,6198.373,6218.745,419773,322385,315950
2016-12-29 00:00:00.000000000,6208.334,6253.651,6171.956,6207.813,355391,315950,320170
2016-12-30 00:00:00.000000000,6221.548,6244.831,6150.002,6174.679,257227,320170,314042
2017-01-03 00:00:00.000000000,6174.446,6295.527,6174.446,6209.791,313897,314042,322643
2017-01-04 00:00:00.000000000,6228.778,6283.928,6085.53,6140.593,482817,322643,315700
2017-01-05 00:00:00.000000000,6161.042,6183.044,6084.194,6104.336,322396,315700,321990
2017-01-06 00:00:00.000000000,6092.827,6150.247,6033.802,6037.387,308623,321990,322052
2017-01-09 00:00:00.000000000,6055.987,6120.75,6031.045,6099.132,301651,322052,314575
2017-01-10 00:00:00.000000000,6092.417,6171.642,6070.21,6155.643,388693,314575,317929
2017-01-11 00:00:00.000000000,6117.783,6244.997,6115.783,6216.6,437708,317929,321203
2017-01-12 00:00:00.000000000,6220.854,6265.215,6196.666,6234.721,316636,321203,328071
2017-01-13 00:00:00.000000000,6236.583,6305.401,6205.796,6230.615,360801,328071,331716
2017-01-16 00:00:00.000000000,6223.461,6327.661,6202.894,6281.744,354172,331716,333774
2017-01-17 00:00:00.000000000,6291.013,6331.718,6233.17,6277.013,281656,333774,328526
2017-01-18 00:00:00.000000000,6297.594,6312.195,6241.15,6268.21,245198,328526,318441
2017-01-19 00:00:00.000000000,6252.724,6302.166,6223.661,6260.174,239122,318441,317278
2017-01-20 00:00:00.000000000,6256.265,6274.754,6209.342,6233.274,203212,317278,311191
2017-01-23 00:00:00.000000000,6221.105,6228.223,6169.299,6208.76,186713,311191,306667
2017-01-24 00:00:00.000000000,6203.414,6354.329,6199.928,6318.374,273518,306667,316962
2017-01-25 00:00:00.000000000,6329.63,6330.134,6227.842,6244.812,193101,316962,309553
2017-01-26 00:00:00.000000000,6250.12,6284.531,6153.504,6160.923,176598,309553,306947
2017-02-03 00:00:00.000000000,6172.342,6204.252,6067.328,6075.221,154963,306947,326967
2017-02-06 00:00:00.000000000,6079.475,6124.284,6075.524,6089.669,205788,326967,345471
2017-02-07 00:00:00.000000000,6099.495,6134.073,6049.516,6070.782,212964,345471,363706
2017-02-08 00:00:00.000000000,6067.384,6186.807,6065.384,6170.175,337665,363706,365163
2017-02-09 00:00:00.000000000,6156.55,6173.904,6121.822,6124.081,194575,365163,363426
2017-02-10 00:00:00.000000000,6114.321,6201.057,6107.08,6197.841,290786,363426,377921
2017-02-13 00:00:00.000000000,6152.277,6208.397,6054.333,6059.686,501845,377921,415713
2017-02-14 00:00:00.000000000,6061.265,6091.967,5990.642,5996.866,391614,415713,437247
2017-02-15 00:00:00.000000000,6006.657,6042.648,5969.177,6014.763,346466,437247,429270
2017-02-16 00:00:00.000000000,6018.974,6057.846,5951.856,5954.415,394709,429270,430818
2017-02-17 00:00:00.000000000,5935.961,5960.245,5821.327,5835.421,459523,430818,447291
2017-02-20 00:00:00.000000000,5815.948,5860.344,5806.762,5844.344,260522,447291,440915
2017-02-21 00:00:00.000000000,5826.967,5854.567,5776.995,5814.081,387492,440915,442452
2017-02-22 00:00:00.000000000,5780.146,5794.104,5738.286,5783.198,342205,442452,456618
2017-02-23 00:00:00.000000000,5794.636,5815.287,5676.12,5698.788,415133,456618,463605
2017-02-24 00:00:00.000000000,5708.338,5740.549,5653.904,5736.033,337754,463605,449913
2017-02-27 00:00:00.000000000,5742.415,5777.818,5702.11,5723.862,341122,449913,462034
2017-02-28 00:00:00.000000000,5691.705,5739.274,5667.616,5698.367,366795,462034,474728
2017-03-01 00:00:00.000000000,5737.714,5834.104,5732.134,5776.699,497936,474728,492601
2017-03-02 00:00:00.000000000,5799.838,5818.074,5770.436,5800.015,320817,492601,487640
2017-03-03 00:00:00.000000000,5807.035,5834.111,5755.1,5812.727,363667,487640,484478
2017-03-06 00:00:00.000000000,5811.083,5870.669,5779.243,5841.848,333083,484478,468541
2017-03-07 00:00:00.000000000,5834.658,5844.229,5760.456,5781.6,290693,468541,467658
2017-03-08 00:00:00.000000000,5776.23,5778.975,5676.858,5724.901,338378,467658,459211
2017-03-09 00:00:00.000000000,5745.441,5776.188,5678.412,5759.664,489483,459211,449067
2017-03-10 00:00:00.000000000,5718.232,5722.399,5589.739,5634.36,498160,449067,450007
2017-03-13 00:00:00.000000000,5635.43,5667.01,5614.65,5664.026,346623,450007,440472
2017-03-14 00:00:00.000000000,5595.975,5627.243,5576.288,5588.111,382802,440472,453493
2017-03-15 00:00:00.000000000,5602.311,5666.396,5535.0,5639.266,380343,453493,455794
2017-03-16 00:00:00.000000000,5672.744,5719.757,5647.301,5712.359,432194,455794,439529
2017-03-17 00:00:00.000000000,5727.449,5750.086,5691.088,5716.31,307264,439529,424587
2017-03-20 00:00:00.000000000,5728.927,5736.803,5682.545,5723.29,356472,424587,422576
2017-03-21 00:00:00.000000000,5693.875,5731.071,5644.464,5696.436,285245,422576,417651
2017-03-22 00:00:00.000000000,5710.268,5742.792,5686.17,5707.444,353245,417651,421217
2017-03-23 00:00:00.000000000,5709.567,5725.152,5600.077,5606.602,429158,421217,413975
2017-03-24 00:00:00.000000000,5596.441,5636.24,5575.913,5580.402,269964,413975,413629
2017-03-27 00:00:00.000000000,5565.786,5589.572,5454.966,5473.247,329439,413629,407484
2017-03-28 00:00:00.000000000,5457.184,5497.618,5421.621,5470.815,245455,407484,393695
2017-03-29 00:00:00.000000000,5474.75,5505.448,5458.736,5489.942,216025,393695,398407
2017-03-30 00:00:00.000000000,5485.934,5501.223,5387.625,5401.814,284066,398407,400712
2017-03-31 00:00:00.000000000,5385.158,5438.338,5358.876,5383.597,195138,400712,388689
2017-04-05 00:00:00.000000000,5348.607,5463.155,5311.209,5454.847,257966,388689,394590
2017-04-06 00:00:00.000000000,5468.733,5483.61,5433.97,5467.872,260811,394590,398576
2017-04-07 00:00:00.000000000,5470.803,5475.249,5348.498,5404.438,318161,398576,390939
2017-04-10 00:00:00.000000000,5407.39,5490.537,5276.091,5281.207,636414,390939,429639
2017-04-11 00:00:00.000000000,5266.621,5287.547,5222.593,5277.947,327724,429639,414899
2017-04-12 00:00:00.000000000,5286.584,5304.393,5195.776,5210.553,409750,414899,400292
2017-04-13 00:00:00.000000000,5219.759,5293.243,5215.576,5280.879,249811,400292,384688
2017-04-14 00:00:00.000000000,5243.03,5265.309,5200.815,5248.684,269462,384688,394407
2017-04-17 00:00:00.000000000,5247.407,5307.133,5241.666,5262.826,265121,394407,383753
2017-04-18 00:00:00.000000000,5237.454,5292.483,5202.589,5210.12,279667,383753,392373
2017-04-19 00:00:00.000000000,5161.208,5185.393,5113.01,5152.17,340295,392373,385637
2017-04-20 00:00:00.000000000,5125.792,5178.149,5114.426,5167.906,335452,385637,382568
2017-04-21 00:00:00.000000000,5176.212,5191.022,5133.508,5172.538,247893,382568,375791
2017-04-24 00:00:00.000000000,5180.492,5198.141,5162.466,5193.809,265545,375791,371328
2017-04-25 00:00:00.000000000,5192.058,5203.681,5056.713,5075.753,390385,371328,405303
2017-04-26 00:00:00.000000000,5084.709,5139.273,5077.986,5108.95,258624,405303,384682
2017-04-27 00:00:00.000000000,5132.769,5211.908,5129.575,5168.956,302182,384682,368929
2017-04-28 00:00:00.000000000,5149.063,5176.376,5119.304,5172.278,201458,368929,364751
2017-05-02 00:00:00.000000000,5202.707,5256.253,5185.278,5236.444,165082,364751,359212
2017-05-03 00:00:00.000000000,5238.962,5251.122,5209.383,5230.336,162628,359212,352369
2017-05-04 00:00:00.000000000,5203.75,5221.087,5133.467,5197.768,295833,352369,360060
2017-05-05 00:00:00.000000000,5201.045,5239.754,5153.656,5190.123,345792,360060,362066
2017-05-08 00:00:00.000000000,5243.644,5336.316,5242.172,5330.758,499790,362066,396797
2017-05-09 00:00:00.000000000,5323.149,5347.863,5294.797,5343.555,253181,396797,400409
2017-05-10 00:00:00.000000000,5335.524,5374.666,5309.336,5330.301,292057,400409,400182
2017-05-11 00:00:00.000000000,5329.854,5478.549,5280.004,5471.188,548193,400182,392716
2017-05-12 00:00:00.000000000,5456.808,5461.735,5405.0,5443.285,274592,392716,379291
2017-05-15 00:00:00.000000000,5418.946,5485.268,5404.95,5422.948,291954,379291,378078
2017-05-16 00:00:00.000000000,5452.304,5473.82,5415.577,5444.699,285065,378078,383153
2017-05-17 00:00:00.000000000,5448.365,5498.642,5413.438,5484.998,353977,383153,386621
2017-05-18 00:00:00.000000000,5511.218,5511.218,5427.244,5452.262,267463,386621,386750
2017-05-19 00:00:00.000000000,5372.976,5470.177,5370.935,5419.676,353947,386750,385272
2017-05-22 00:00:00.000000000,5446.176,5528.058,5443.23,5492.399,285111,385272,383745
2017-05-23 00:00:00.000000000,5492.134,5509.79,5413.665,5425.231,258285,383745,369985
2017-05-24 00:00:00.000000000,5411.571,5431.007,5365.119,5382.485,296798,369985,360949
2017-05-25 00:00:00.000000000,5388.757,5404.881,5335.729,5369.441,225616,360949,352531
2017-05-26 00:00:00.000000000,5384.732,5398.463,5291.081,5300.817,274614,352531,345901
2017-05-31 00:00:00.000000000,5235.402,5258.344,5167.733,5169.703,237703,345901,348466
2017-06-01 00:00:00.000000000,5175.624,5203.778,5123.131,5140.792,287758,348466,347772
2017-06-02 00:00:00.000000000,5161.563,5193.884,5143.324,5148.585,250700,347772,356541
2017-06-05 00:00:00.000000000,5101.137,5234.863,5094.614,5169.614,313890,356541,364407
2017-06-06 00:00:00.000000000,5160.095,5179.541,5111.111,5148.739,287700,364407,375181
2017-06-07 00:00:00.000000000,5153.579,5188.595,5082.396,5095.514,358978,375181,401352
2017-06-08 00:00:00.000000000,5088.491,5112.941,5053.375,5083.74,290857,401352,403124
2017-06-09 00:00:00.000000000,5078.586,5118.947,5075.085,5100.643,232102,403124,411804
2017-06-12 00:00:00.000000000,5102.72,5222.46,5094.846,5220.429,338250,411804,403270
2017-06-13 00:00:00.000000000,5208.848,5223.78,5142.938,5150.809,248562,403270,411371
2017-06-14 00:00:00.000000000,5126.104,5167.021,5114.377,5156.53,235504,411371,417726
2017-06-15 00:00:00.000000000,5166.188,5200.933,5141.688,5157.537,248109,417726,421021
2017-06-16 00:00:00.000000000,5171.896,5259.915,5157.554,5229.34,321516,421021,423060
2017-06-19 00:00:00.000000000,5252.329,5319.726,5222.362,5294.344,286756,423060,434002
2017-06-20 00:00:00.000000000,5280.596,5289.058,5176.215,5192.275,276467,434002,428879
2017-06-21 00:00:00.000000000,5160.787,5180.98,5118.565,5135.856,274579,428879,433111
2017-06-22 00:00:00.000000000,5139.629,5154.149,5087.651,5103.708,202497,433111,435793
2017-06-23 00:00:00.000000000,5110.647,5138.425,5090.868,5126.15,195833,435793,435422
2017-06-26 00:00:00.000000000,5122.303,5135.648,5105.419,5121.532,159836,435422,439775
2017-06-27 00:00:00.000000000,5116.734,5158.887,5102.238,5147.639,210982,439775,437491
2017-06-28 00:00:00.000000000,5164.392,5195.834,5115.304,5139.335,317254,437491,443850
2017-06-29 00:00:00.000000000,5127.66,5195.759,5125.567,5183.716,311949,443850,424893
2017-06-30 00:00:00.000000000,5188.738,5224.691,5162.88,5206.999,310381,424893,430162
2017-07-03 00:00:00.000000000,5192.116,5298.83,5173.747,5255.436,305145,430162,422142
2017-07-04 00:00:00.000000000,5266.157,5270.37,5173.801,5184.618,261275,422142,423906
2017-07-05 00:00:00.000000000,5199.553,5249.096,5198.764,5241.177,247637,423906,424157
2017-07-06 00:00:00.000000000,5248.313,5338.559,5244.422,5308.844,425088,424157,440989
2017-07-07 00:00:00.000000000,5310.46,5338.786,5274.654,5312.309,222353,440989,431970
2017-07-10 00:00:00.000000000,5303.224,5412.246,5299.422,5386.65,269449,431970,433695
2017-07-11 00:00:00.000000000,5398.368,5431.057,5366.691,5404.714,298133,433695,425175
2017-07-12 00:00:00.000000000,5376.055,5430.642,5359.825,5379.825,246102,425175,433273
2017-07-13 00:00:00.000000000,5377.776,5402.657,5330.295,5354.165,241049,433273,430062
2017-07-14 00:00:00.000000000,5338.267,5344.779,5266.258,5301.341,268148,430062,428344
2017-07-17 00:00:00.000000000,5323.523,5375.854,5312.571,5328.004,250235,428344,433575
2017-07-18 00:00:00.000000000,5328.985,5363.519,5254.753,5260.608,365809,433575,436177
2017-07-19 00:00:00.000000000,5280.738,5289.644,5230.542,5283.263,304678,436177,433425
2017-07-20 00:00:00.000000000,5290.995,5352.108,5287.718,5336.384,323724,433425,437519
2017-07-21 00:00:00.000000000,5365.733,5407.007,5324.007,5350.57,393519,437519,428072
2017-07-24 00:00:00.000000000,5345.003,5365.951,5255.311,5285.948,275596,428072,422783
2017-07-25 00:00:00.000000000,5289.273,5415.226,5286.575,5410.143,353715,422783,434302
2017-07-26 00:00:00.000000000,5417.571,5430.302,5361.352,5370.025,382055,434302,439599
2017-07-27 00:00:00.000000000,5384.464,5472.488,5382.003,5464.028,375394,439599,465922
2017-07-28 00:00:00.000000000,5477.99,5493.438,5379.935,5405.274,401994,465922,446632
2017-07-31 00:00:00.000000000,5411.632,5496.685,5406.837,5476.268,285329,446632,448203
2017-08-01 00:00:00.000000000,5465.059,5534.027,5441.229,5449.014,398566,448203,461084
2017-08-02 00:00:00.000000000,5430.137,5451.878,5388.02,5421.373,307589,461084,463922
2017-08-03 00:00:00.000000000,5437.566,5446.435,5324.173,5337.395,339835,463922,460047
2017-08-04 00:00:00.000000000,5328.801,5369.934,5309.828,5366.514,269319,460047,445282
2017-08-07 00:00:00.000000000,5371.586,5409.136,5321.938,5339.437,290909,445282,445304
2017-08-08 00:00:00.000000000,5309.833,5406.072,5297.201,5402.43,341609,445304,421528
2017-08-09 00:00:00.000000000,5418.313,5455.473,5405.917,5453.576,295504,421528,423772
2017-08-10 00:00:00.000000000,5443.957,5453.849,5363.538,5435.066,364908,423772,427789
2017-08-11 00:00:00.000000000,5449.55,5518.047,5362.996,5393.175,467738,427789,401761
2017-08-14 00:00:00.000000000,5437.663,5498.91,5391.007,5469.583,397668,401761,416246
2017-08-15 00:00:00.000000000,5443.311,5458.574,5385.144,5391.124,363663,416246,397201
2017-08-16 00:00:00.000000000,5356.801,5372.915,5302.222,5308.219,302129,397201,395331
2017-08-17 00:00:00.000000000,5328.739,5366.875,5314.622,5353.771,249834,395331,387430
2017-08-18 00:00:00.000000000,5356.922,5431.123,5338.138,5427.64,273922,387430,381036
2017-08-21 00:00:00.000000000,5427.831,5474.884,5417.831,5459.72,351809,381036,384863
2017-08-22 00:00:00.000000000,5482.217,5575.807,5452.814,5572.386,455389,384863,419942
2017-08-23 00:00:00.000000000,5551.542,5585.397,5522.808,5548.681,381113,419942,403838
2017-08-24 00:00:00.000000000,5562.974,5600.758,5504.43,5586.442,356918,403838,416563
2017-08-25 00:00:00.000000000,5612.162,5628.581,5539.117,5542.977,282955,416563,397302
2017-08-28 00:00:00.000000000,5548.856,5588.563,5526.734,5543.208,258740,397302,394088
2017-08-29 00:00:00.000000000,5540.372,5546.312,5475.125,5492.158,257499,394088,374253
2017-08-30 00:00:00.000000000,5469.263,5539.596,5449.75,5458.829,268003,374253,376975
2017-08-31 00:00:00.000000000,5457.919,5501.271,5449.356,5477.592,204136,376975,361012
2017-09-01 00:00:00.000000000,5471.778,5544.967,5469.983,5531.873,248494,361012,372142
2017-09-04 00:00:00.000000000,5535.479,5569.247,5505.786,5542.504,258557,372142,371385
2017-09-05 00:00:00.000000000,5536.459,5575.267,5489.879,5573.644,287260,371385,374763
2017-09-06 00:00:00.000000000,5589.92,5599.774,5531.355,5563.934,315312,374763,374280
2017-09-07 00:00:00.000000000,5552.589,5571.676,5501.715,5546.254,310173,374280,365214
2017-09-08 00:00:00.000000000,5581.759,5581.759,5504.274,5510.383,321490,365214,356179
2017-09-11 00:00:00.000000000,5508.914,5654.651,5462.494,5652.243,498144,356179,368710
2017-09-12 00:00:00.000000000,5648.048,5672.604,5608.194,5660.761,286490,368710,351530
2017-09-13 00:00:00.000000000,5678.289,5773.984,5660.009,5686.88,387703,351530,338386
2017-09-14 00:00:00.000000000,5721.729,5818.609,5701.497,5797.215,415761,338386,339803
2017-09-15 00:00:00.000000000,5776.249,5788.498,5724.502,5775.0,310315,339803,317537
2017-09-18 00:00:00.000000000,5762.447,5764.542,5700.799,5735.327,240374,317537,309492
2017-09-19 00:00:00.000000000,5707.468,5791.431,5687.716,5750.911,245734,309492,324421
2017-09-20 00:00:00.000000000,5704.35,5754.865,5679.442,5713.165,265457,324421,316170
2017-09-21 00:00:00.000000000,5719.758,5746.278,5659.707,5663.686,329971,316170,315647
2017-09-22 00:00:00.000000000,5627.009,5661.578,5608.216,5626.725,239345,315647,295391
2017-09-25 00:00:00.000000000,5637.817,5687.437,5570.439,5589.8,274257,295391,298130
2017-09-26 00:00:00.000000000,5582.424,5620.407,5573.582,5601.857,170350,298130,293427
2017-09-27 00:00:00.000000000,5642.729,5665.899,5605.392,5632.789,221420,293427,286911
2017-09-28 00:00:00.000000000,5635.34,5635.34,5449.234,5492.602,415571,286911,278326
2017-09-29 00:00:00.000000000,5499.584,5539.189,5475.761,5521.918,195259,278326,251673
2017-10-09 00:00:00.000000000,5571.25,5614.556,5553.523,5575.42,165739,251673,252260
2017-10-10 00:00:00.000000000,5569.765,5571.345,5524.684,5540.219,194248,252260,272189
2017-10-11 00:00:00.000000000,5516.879,5545.552,5498.912,5505.637,177140,272189,272985
2017-10-12 00:00:00.000000000,5512.087,5569.215,5504.991,5566.797,166456,272985,276975
2017-10-13 00:00:00.000000000,5550.006,5574.932,5468.534,5574.932,301786,276975,271191
2017-10-16 00:00:00.000000000,5612.262,5620.671,5554.815,5595.788,211357,271191,276117
2017-10-17 00:00:00.000000000,5601.86,5640.142,5570.707,5613.033,178496,276117,276896
2017-10-18 00:00:00.000000000,5582.157,5591.018,5518.011,5553.92,212792,276896,287186
2017-10-19 00:00:00.000000000,5554.416,5590.814,5487.796,5490.23,239347,287186,300902
2017-10-20 00:00:00.000000000,5503.667,5609.6,5493.392,5595.72,224745,300902,287134
2017-10-23 00:00:00.000000000,5618.709,5657.763,5585.351,5653.271,238749,287134,289743
2017-10-24 00:00:00.000000000,5676.733,5706.316,5653.58,5691.089,235762,289743,295428
2017-10-25 00:00:00.000000000,5671.558,5752.331,5659.49,5719.597,281777,295428,305519
2017-10-26 00:00:00.000000000,5726.882,5730.079,5680.846,5698.041,162356,305519,299034
2017-10-27 00:00:00.000000000,5704.551,5735.392,5677.25,5716.416,195492,299034,299777
2017-10-30 00:00:00.000000000,5700.055,5789.19,5667.316,5759.642,239107,299777,303492
2017-10-31 00:00:00.000000000,5760.366,5768.146,5719.044,5744.292,157729,303492,291988
2017-11-01 00:00:00.000000000,5731.66,5756.638,5676.398,5682.582,195794,291988,297924
2017-11-02 00:00:00.000000000,5708.769,5735.996,5690.225,5717.483,175296,297924,297178
2017-11-03 00:00:00.000000000,5689.257,5702.262,5663.031,5681.953,163823,297178,294038
2017-11-06 00:00:00.000000000,5679.947,5706.508,5615.292,5667.29,209947,294038,289195
2017-11-07 00:00:00.000000000,5662.723,5714.967,5649.956,5691.119,165774,289195,283441
2017-11-08 00:00:00.000000000,5682.061,5691.568,5637.335,5653.244,169762,283441,286294
2017-11-09 00:00:00.000000000,5692.305,5755.342,5678.862,5742.409,229497,286294,283011
2017-11-10 00:00:00.000000000,5724.815,5738.327,5649.22,5651.149,193140,283011,278404
2017-11-13 00:00:00.000000000,5668.58,5692.822,5656.503,5678.458,137750,278404,284993
2017-11-14 00:00:00.000000000,5627.588,5643.395,5585.378,5600.729,204765,284993,275091
2017-11-15 00:00:00.000000000,5562.887,5591.832,5515.269,5523.26,208947,275091,278714
2017-11-16 00:00:00.000000000,5527.356,5573.01,5485.105,5547.186,158843,278714,275442
2017-11-17 00:00:00.000000000,5539.729,5567.903,5520.074,5523.946,129584,275442,276331
2017-11-20 00:00:00.000000000,5526.288,5545.97,5455.101,5479.814,194869,276331,283627
2017-11-21 00:00:00.000000000,5438.815,5480.718,5431.891,5434.597,194243,283627,290059
2017-11-22 00:00:00.000000000,5461.204,5492.402,5443.323,5453.442,199265,290059,299656
2017-11-23 00:00:00.000000000,5475.704,5487.666,5420.583,5452.554,206074,299656,281975
2017-11-24 00:00:00.000000000,5440.39,5474.32,5431.57,5454.87,156990,281975,282151
2017-11-27 00:00:00.000000000,5462.732,5476.874,5358.61,5369.319,232810,282151,293961
2017-11-28 00:00:00.000000000,5384.8,5407.752,5370.395,5394.472,132902,293961,279918
2017-11-29 00:00:00.000000000,5393.36,5415.267,5358.894,5381.964,158466,279918,277541
2017-11-30 00:00:00.000000000,5364.392,5434.318,5354.657,5388.932,190501,277541,276480
2017-12-01 00:00:00.000000000,5427.251,5440.981,5386.702,5429.397,175759,276480,275287
2017-12-04 00:00:00.000000000,5427.321,5479.199,5410.104,5464.241,195171,275287,277571
2017-12-05 00:00:00.000000000,5435.749,5459.5,5340.284,5364.29,192009,277571,288641
2017-12-06 00:00:00.000000000,5373.791,5411.322,5357.545,5390.744,160831,288641,292988
2017-12-07 00:00:00.000000000,5356.867,5367.811,5273.334,5295.445,209041,292988,300661
2017-12-08 00:00:00.000000000,5282.359,5333.917,5276.048,5316.94,135999,300661,300982
2017-12-11 00:00:00.000000000,5309.816,5339.494,5290.298,5305.663,164621,300982,306080
2017-12-12 00:00:00.000000000,5289.126,5349.61,5289.126,5312.05,197585,306080,314569
2017-12-13 00:00:00.000000000,5309.686,5325.275,5296.766,5309.872,122315,314569,304722
2017-12-14 00:00:00.000000000,5303.529,5313.356,5198.278,5209.24,240541,304722,328006
2017-12-15 00:00:00.000000000,5230.67,5251.004,5209.674,5240.837,147202,328006,323609
2017-12-18 00:00:00.000000000,5285.668,5301.994,5261.65,5289.049,158006,323609,312111
2017-12-19 00:00:00.000000000,5275.369,5284.917,5230.896,5249.989,122192,312111,311754
2017-12-20 00:00:00.000000000,5256.031,5293.652,5250.574,5269.211,127017,311754,313844
2017-12-21 00:00:00.000000000,5260.355,5264.643,5167.396,5176.926,208204,313844,323368
2017-12-22 00:00:00.000000000,5166.236,5170.261,5105.192,5132.415,190641,323368,328732
2017-12-25 00:00:00.000000000,5145.96,5184.853,5133.447,5174.54,149546,328732,313174
2017-12-26 00:00:00.000000000,5168.971,5189.926,5156.701,5177.476,87414,313174,314849
2017-12-27 00:00:00.000000000,5206.404,5249.027,5192.405,5231.835,164131,314849,305677
2017-12-28 00:00:00.000000000,5248.467,5262.109,5218.627,5246.916,139198,305677,295537
2017-12-29 00:00:00.000000000,5236.278,5253.668,5204.754,5224.291,128607,295537,287971
2018-01-02 00:00:00.000000000,5249.174,5334.016,5247.199,5326.742,147006,287971,284840
2018-01-03 00:00:00.000000000,5320.794,5338.921,5300.172,5321.318,123076,284840,271845
2018-01-04 00:00:00.000000000,5371.121,5384.611,5344.251,5356.946,170792,271845,273304
2018-01-05 00:00:00.000000000,5347.02,5392.387,5337.697,5362.552,122788,273304,269225
2018-01-08 00:00:00.000000000,5343.024,5354.944,5294.879,5308.447,119467,269225,277025
2018-01-09 00:00:00.000000000,5348.717,5367.647,5326.624,5366.131,122061,277025,280849
2018-01-10 00:00:00.000000000,5340.511,5371.617,5314.906,5331.109,159974,280849,288522
2018-01-11 00:00:00.000000000,5346.892,5355.082,5321.897,5328.893,104019,288522,283745
2018-01-12 00:00:00.000000000,5306.012,5319.924,5253.148,5264.477,157667,283745,295786
2018-01-15 00:00:00.000000000,5262.174,5297.236,5245.059,5260.24,121301,295786,291678
2018-01-16 00:00:00.000000000,5280.445,5283.259,5197.437,5230.716,176680,291678,306765
2018-01-17 00:00:00.000000000,5226.964,5244.017,5178.314,5186.84,170663,306765,308023
2018-01-18 00:00:00.000000000,5183.299,5221.24,5175.583,5219.532,161638,308023,308261
2018-01-19 00:00:00.000000000,5203.877,5203.877,5150.472,5154.466,201210,308261,310464
2018-01-22 00:00:00.000000000,5156.932,5216.303,5152.938,5194.917,153845,310464,310388
2018-01-23 00:00:00.000000000,5202.626,5220.937,5174.947,5206.929,133572,310388,309029
2018-01-24 00:00:00.000000000,5228.695,5248.065,5219.328,5235.313,143964,309029,308615
2018-01-25 00:00:00.000000000,5244.743,5261.067,5220.67,5232.04,175254,308615,317975
2018-01-26 00:00:00.000000000,5214.516,5265.085,5210.623,5238.75,182993,317975,326625
2018-01-29 00:00:00.000000000,5230.901,5276.133,5219.232,5266.594,146222,326625,320920
2018-01-30 00:00:00.000000000,5269.896,5271.891,5187.913,5201.231,183980,320920,335431
2018-01-31 00:00:00.000000000,5205.134,5219.145,5192.148,5203.817,114135,335431,326786
2018-02-01 00:00:00.000000000,5200.175,5204.164,5122.168,5148.482,182439,326786,339895
2018-02-02 00:00:00.000000000,5152.121,5165.486,5098.47,5102.132,155890,339895,340252
2018-02-05 00:00:00.000000000,5099.208,5110.217,5062.235,5109.221,149767,340252,338315
2018-02-06 00:00:00.000000000,5113.701,5148.044,5088.39,5115.725,191777,338315,331306
2018-02-07 00:00:00.000000000,5098.326,5151.606,5097.996,5131.25,128542,331306,327418
2018-02-08 00:00:00.000000000,5123.969,5154.435,5074.715,5139.18,182212,327418,336343
2018-02-09 00:00:00.000000000,5143.222,5167.212,5125.278,5129.26,146167,336343,324755
2018-02-12 00:00:00.000000000,5143.565,5204.006,5104.475,5197.957,174294,324755,315405
2018-02-13 00:00:00.000000000,5190.191,5202.631,5168.271,5181.062,103798,315405,295545
2018-02-14 00:00:00.000000000,5167.836,5191.703,5120.323,5149.83,101841,295545,294241
2018-02-22 00:00:00.000000000,5177.361,5199.018,5142.068,5158.417,95716,294241,290225
2018-02-23 00:00:00.000000000,5156.607,5265.035,5152.631,5261.468,221213,290225,305786
2018-02-26 00:00:00.000000000,5256.147,5293.984,5232.22,5290.518,176476,305786,306047
2018-02-27 00:00:00.000000000,5287.362,5302.392,5264.414,5290.905,167360,306047,297067
2018-02-28 00:00:00.000000000,5274.924,5326.152,5259.994,5323.168,158681,297067,298076
2018-03-01 00:00:00.000000000,5325.313,5340.006,5286.748,5329.528,156707,298076,294961
2018-03-02 00:00:00.000000000,5293.121,5328.851,5247.048,5261.905,434260,294961,303724
2018-03-05 00:00:00.000000000,5252.372,5274.669,5210.659,5251.736,220395,303724,302885
2018-03-06 00:00:00.000000000,5255.607,5271.03,5234.714,5248.265,185706,302885,309298
2018-03-07 00:00:00.000000000,5263.155,5275.232,5204.186,5206.778,179409,309298,311254
2018-03-08 00:00:00.000000000,5173.801,5195.42,5139.53,5143.307,247601,311254,307096
2018-03-09 00:00:00.000000000,5123.71,5165.147,5068.23,5071.051,275634,307096,320214
2018-03-12 00:00:00.000000000,5080.522,5112.269,5070.795,5077.93,210519,320214,328676
2018-03-13 00:00:00.000000000,5091.107,5130.457,5040.347,5118.648,265656,328676,332339
2018-03-14 00:00:00.000000000,5125.904,5147.144,5115.311,5119.144,153482,332339,323461
2018-03-15 00:00:00.000000000,5131.432,5136.068,5091.486,5117.283,144990,323461,329445
2018-03-16 00:00:00.000000000,5129.063,5148.391,5111.899,5112.875,164751,329445,317943
2018-03-19 00:00:00.000000000,5101.046,5123.717,5074.195,5117.717,168583,317943,317248
2018-03-20 00:00:00.000000000,5117.753,5135.007,5069.256,5128.018,249270,317248,330974
2018-03-21 00:00:00.000000000,5123.313,5153.21,5087.175,5101.668,234116,330974,335317
2018-03-22 00:00:00.000000000,5120.577,5152.001,5111.622,5119.549,204187,335317,335477
2018-03-23 00:00:00.000000000,5120.549,5132.514,5081.656,5104.842,289383,335477,315668
2018-03-26 00:00:00.000000000,5096.425,5117.692,4987.895,5102.706,406061,315668,316382
2018-03-27 00:00:00.000000000,5100.692,5123.841,5063.542,5074.83,199340,316382,319013
2018-03-28 00:00:00.000000000,5086.283,5091.553,5056.336,5076.9,138710,319013,317453
2018-03-29 00:00:00.000000000,5062.854,5067.189,4999.694,5013.08,239533,317453,346020
2018-03-30 00:00:00.000000000,5011.389,5082.361,4980.053,5061.389,222508,346020,314830
2018-04-02 00:00:00.000000000,5058.587,5126.606,5052.737,5125.939,218297,314830,295517
2018-04-03 00:00:00.000000000,5121.568,5129.895,5090.408,5108.039,143892,295517,300779
2018-04-04 00:00:00.000000000,5093.503,5142.713,5091.705,5137.148,198588,300779,278431
2018-04-09 00:00:00.000000000,5288.968,5295.338,5152.203,5159.558,228273,278431,283347
2018-04-10 00:00:00.000000000,5148.66,5180.555,5122.777,5134.975,205641,283347,282367
2018-04-11 00:00:00.000000000,5127.556,5139.608,5100.552,5113.419,177745,282367,300736
2018-04-12 00:00:00.000000000,5119.132,5125.529,5031.412,5034.392,206483,300736,299006
2018-04-13 00:00:00.000000000,5046.077,5075.556,5042.429,5060.014,142600,299006,288303
2018-04-16 00:00:00.000000000,5044.125,5063.435,5020.33,5025.727,160661,288303,298771
2018-04-17 00:00:00.000000000,5007.238,5014.638,4959.115,4988.162,235328,298771,310222
2018-04-18 00:00:00.000000000,5002.143,5017.14,4987.984,5003.64,171515,310222,309823
2018-04-19 00:00:00.000000000,5016.065,5031.494,5008.41,5021.433,149497,309823,317967
2018-04-20 00:00:00.000000000,5023.439,5042.894,5003.158,5014.426,152074,317967,319355
2018-04-23 00:00:00.000000000,5025.243,5045.101,5011.324,5019.894,143892,319355,325438
2018-04-24 00:00:00.000000000,5008.386,5010.088,4978.916,4982.965,163648,325438,335501
2018-04-25 00:00:00.000000000,4980.944,5012.046,4973.212,4991.773,138640,335501,336400
2018-04-26 00:00:00.000000000,4990.637,5002.91,4954.136,4985.634,168981,336400,320527
2018-04-27 00:00:00.000000000,4989.339,4995.183,4971.654,4992.988,124145,320527,306208
2018-05-02 00:00:00.000000000,4955.036,4995.495,4952.812,4988.241,98608,306208,312134
2018-05-03 00:00:00.000000000,4980.604,5006.308,4976.026,4982.965,127238,312134,319910
2018-05-04 00:00:00.000000000,4951.118,4962.38,4935.239,4953.91,185404,319910,340915
2018-05-07 00:00:00.000000000,4951.891,4991.329,4951.891,4983.101,127431,340915,329051
2018-05-08 00:00:00.000000000,4994.86,4999.384,4971.186,4988.883,119150,329051,328157
2018-05-09 00:00:00.000000000,4988.771,5050.778,4986.792,5038.607,196393,328157,314628
2018-05-10 00:00:00.000000000,5048.371,5107.731,5044.414,5086.019,164894,314628,309543
2018-05-11 00:00:00.000000000,5088.111,5110.334,5073.404,5098.08,131904,309543,315554
2018-05-14 00:00:00.000000000,5093.844,5121.877,5063.171,5073.054,182246,315554,326334
2018-05-15 00:00:00.000000000,5075.608,5106.635,5068.701,5076.595,139847,326334,320460
2018-05-16 00:00:00.000000000,5093.608,5096.265,5042.238,5069.938,175571,320460,311606
2018-05-17 00:00:00.000000000,5066.108,5080.439,5032.791,5071.802,132034,311606,318521
2018-05-18 00:00:00.000000000,5090.265,5185.836,5083.922,5134.623,339361,318521,333055
2018-05-21 00:00:00.000000000,5131.061,5213.388,5124.714,5139.41,323920,333055,336172
2018-05-22 00:00:00.000000000,5143.861,5190.684,5141.424,5170.254,192519,336172,347754
2018-05-23 00:00:00.000000000,5196.512,5200.921,5142.141,5154.138,171600,347754,348505
2018-05-24 00:00:00.000000000,5159.114,5205.344,5141.597,5190.432,183269,348505,353248
2018-05-25 00:00:00.000000000,5207.628,5224.538,5128.583,5130.138,197560,353248,347613
2018-05-28 00:00:00.000000000,5116.03,5136.458,5049.469,5051.015,214516,347613,354180
2018-05-29 00:00:00.000000000,5060.721,5103.586,5060.271,5088.337,162480,354180,356954
2018-05-30 00:00:00.000000000,5095.623,5184.08,5059.214,5106.713,429085,356954,361812
2018-05-31 00:00:00.000000000,5115.335,5158.831,5099.92,5115.419,229734,361812,363908
2018-06-01 00:00:00.000000000,5119.759,5134.762,5094.884,5122.313,147018,363908,367559
2018-06-04 00:00:00.000000000,5122.441,5174.512,5118.476,5121.013,209615,367559,363715
2018-06-05 00:00:00.000000000,5110.373,5118.375,5018.927,5069.786,266434,363715,342820
2018-06-06 00:00:00.000000000,5062.855,5078.693,5046.278,5058.117,109987,342820,339690
2018-06-07 00:00:00.000000000,5038.55,5068.402,5030.692,5047.921,128965,339690,349403
2018-06-08 00:00:00.000000000,5045.316,5058.252,4997.321,5000.764,182182,349403,344927
2018-06-11 00:00:00.000000000,5001.035,5021.869,4985.648,4989.083,113746,344927,348820
2018-06-12 00:00:00.000000000,4993.147,5013.098,4948.01,4953.936,163568,348820,360333
2018-06-13 00:00:00.000000000,4938.911,4946.868,4861.391,4884.581,298189,360333,358042
2018-06-14 00:00:00.000000000,4892.735,4907.388,4877.674,4897.014,136178,358042,362456
2018-06-15 00:00:00.000000000,4910.848,4928.373,4889.215,4892.208,120926,362456,361535
2018-06-19 00:00:00.000000000,4945.519,4948.983,4666.155,4671.274,471797,361535,350725
2018-06-20 00:00:00.000000000,4682.321,4713.604,4635.878,4701.667,274733,350725,332789
2018-06-21 00:00:00.000000000,4710.786,4756.632,4708.492,4736.91,191168,332789,327516
2018-06-22 00:00:00.000000000,4747.771,4771.551,4719.768,4760.186,122599,327516,320539
2018-06-25 00:00:00.000000000,4776.301,4808.155,4758.259,4778.995,125803,320539,315233
2018-06-26 00:00:00.000000000,4793.153,4813.272,4725.026,4800.036,168149,315233,322519
2018-06-27 00:00:00.000000000,4796.379,4838.66,4793.225,4828.83,131405,322519,320815
2018-06-28 00:00:00.000000000,4848.417,4880.683,4816.801,4863.225,143255,320815,326319
2018-06-29 00:00:00.000000000,4879.467,4922.238,4873.097,4897.347,175219,326319,337881
2018-07-02 00:00:00.000000000,4898.768,4931.034,4870.679,4908.333,177577,337881,332112
2018-07-03 00:00:00.000000000,4907.735,4930.563,4872.591,4898.378,163874,332112,331352
2018-07-04 00:00:00.000000000,4897.799,4902.443,4852.116,4853.235,167757,331352,319783
2018-07-05 00:00:00.000000000,4846.414,4882.929,4822.918,4860.504,117914,319783,316907
2018-07-06 00:00:00.000000000,4853.917,4895.189,4812.759,4860.607,199699,316907,303458
2018-07-09 00:00:00.000000000,4852.296,4881.046,4827.087,4832.683,161041,303458,303505
2018-07-10 00:00:00.000000000,4825.154,4842.251,4736.863,4749.426,237267,303505,320604
2018-07-11 00:00:00.000000000,4760.284,4778.051,4697.215,4709.572,197437,320604,329314
2018-07-12 00:00:00.000000000,4694.15,4718.066,4664.073,4699.827,193445,329314,338542
2018-07-13 00:00:00.000000000,4688.852,4697.408,4653.927,4654.982,170297,338542,340796
2018-07-16 00:00:00.000000000,4632.857,4703.514,4613.67,4693.623,210121,340796,327726
2018-07-17 00:00:00.000000000,4683.688,4714.983,4675.373,4686.436,145333,327726,325498
2018-07-18 00:00:00.000000000,4683.762,4722.16,4680.973,4710.457,121909,325498,318366
2018-07-19 00:00:00.000000000,4731.107,4752.164,4714.547,4732.568,119506,318366,315158
2018-07-20 00:00:00.000000000,4734.544,4750.835,4698.172,4700.069,134937,315158,326072
2018-07-23 00:00:00.000000000,4709.981,4767.976,4705.17,4719.846,153088,326072,320445
2018-07-24 00:00:00.000000000,4709.793,4742.053,4691.189,4742.053,130863,320445,320735
2018-07-25 00:00:00.000000000,4733.581,4749.765,4727.767,4735.007,100866,320735,316532
2018-07-26 00:00:00.000000000,4744.81,4772.601,4733.322,4762.811,152418,316532,323544
2018-07-27 00:00:00.000000000,4779.414,4800.285,4745.269,4797.84,165450,323544,319849
2018-07-30 00:00:00.000000000,4791.53,4823.324,4789.333,4808.592,120124,319849,315034
2018-07-31 00:00:00.000000000,4815.081,4828.388,4778.399,4802.28,162036,315034,319188
2018-08-01 00:00:00.000000000,4822.356,4843.112,4800.403,4828.099,182346,319188,308924
2018-08-02 00:00:00.000000000,4840.94,4895.887,4839.651,4868.712,215396,308924,316094
2018-08-03 00:00:00.000000000,4862.146,4883.323,4820.369,4838.878,150153,316094,311230
2018-08-06 00:00:00.000000000,4847.353,4888.224,4828.728,4867.614,146902,311230,311291
2018-08-07 00:00:00.000000000,4869.886,4892.813,4853.694,4885.576,141746,311291,310404
2018-08-08 00:00:00.000000000,4906.604,4917.31,4884.314,4903.019,148730,310404,303818
2018-08-09 00:00:00.000000000,4922.378,4945.482,4903.044,4926.736,135229,303818,295852
2018-08-10 00:00:00.000000000,4928.312,4972.054,4907.215,4951.551,147965,295852,297304
2018-08-13 00:00:00.000000000,4955.051,4963.069,4839.089,4912.691,169527,297304,286173
2018-08-14 00:00:00.000000000,4903.906,4923.185,4881.104,4884.137,133741,286173,272435
2018-08-15 00:00:00.000000000,4896.884,4924.122,4886.17,4896.428,117673,272435,276117
2018-08-16 00:00:00.000000000,4877.251,4893.911,4800.561,4867.372,193207,276117,266218
2018-08-17 00:00:00.000000000,4886.445,4950.075,4861.493,4918.226,192089,266218,266912
2018-08-20 00:00:00.000000000,4918.424,5001.956,4905.598,4942.356,191743,266912,275503
2018-08-21 00:00:00.000000000,4949.469,4955.494,4905.977,4944.359,129238,275503,272866
2018-08-22 00:00:00.000000000,4934.95,4980.389,4934.95,4952.519,179027,272866,272600
2018-08-23 00:00:00.000000000,4967.008,4984.346,4921.888,4932.864,179260,272600,273957
2018-08-24 00:00:00.000000000,4927.212,4962.769,4908.95,4919.414,191534,273957,273777
2018-08-27 00:00:00.000000000,4919.773,4925.602,4835.098,4841.841,205082,273777,274366
2018-08-28 00:00:00.000000000,4851.59,4901.2,4848.142,4900.725,143428,274366,264426
2018-08-29 00:00:00.000000000,4910.163,4914.272,4859.032,4865.416,155884,264426,262516
2018-08-30 00:00:00.000000000,4877.617,4902.328,4851.284,4900.449,153526,262516,260198
2018-08-31 00:00:00.000000000,4912.29,4930.21,4876.443,4878.692,168390,260198,259711
2018-09-03 00:00:00.000000000,4878.429,4906.356,4834.854,4906.356,202311,259711,258290
2018-09-04 00:00:00.000000000,4919.524,4974.996,4908.415,4963.779,254580,258290,272842
2018-09-05 00:00:00.000000000,4980.184,4982.596,4945.822,4951.733,154235,272842,269620
2018-09-06 00:00:00.000000000,4954.461,4964.232,4937.089,4960.755,137993,269620,272806
2018-09-07 00:00:00.000000000,4961.302,4986.447,4888.697,4917.113,247542,272806,276779
2018-09-10 00:00:00.000000000,4915.089,4956.575,4887.667,4947.87,242701,276779,292401
2018-09-11 00:00:00.000000000,4945.673,4962.145,4914.896,4939.788,149183,292401,292053
2018-09-12 00:00:00.000000000,4935.854,4954.482,4896.204,4900.629,223222,292053,299830
2018-09-13 00:00:00.000000000,4880.421,4955.175,4880.421,4892.267,217314,299830,293582
2018-09-14 00:00:00.000000000,4894.563,4911.151,4853.531,4879.026,158625,293582,303198
2018-09-17 00:00:00.000000000,4866.22,4906.733,4857.271,4872.743,132943,303198,301988
2018-09-18 00:00:00.000000000,4875.81,4885.011,4794.362,4798.36,259010,301988,329309
2018-09-19 00:00:00.000000000,4780.65,4812.871,4744.895,4752.404,186653,329309,327823
2018-09-20 00:00:00.000000000,4742.414,4752.158,4689.949,4703.94,219785,327823,354556
2018-09-21 00:00:00.000000000,4705.724,4721.717,4664.797,4670.543,239321,354556,363006
2018-09-25 00:00:00.000000000,4707.775,4727.034,4698.047,4710.039,146341,363006,355144
2018-09-26 00:00:00.000000000,4721.342,4761.627,4719.344,4754.125,183584,355144,345017
2018-09-27 00:00:00.000000000,4751.277,4765.526,4711.552,4751.533,150297,345017,341485
2018-09-28 00:00:00.000000000,4721.761,4755.401,4695.155,4722.51,160985,341485,334920
2018-10-08 00:00:00.000000000,4779.044,4787.04,4759.351,4777.062,129495,334920,334173
2018-10-09 00:00:00.000000000,4769.444,4846.035,4769.444,4837.579,241371,334173,329350
2018-10-10 00:00:00.000000000,4841.961,4852.017,4812.538,4840.12,180075,329350,333671
2018-10-11 00:00:00.000000000,4832.619,4834.219,4717.333,4753.445,201517,333671,339844
2018-10-12 00:00:00.000000000,4760.815,4835.166,4760.815,4833.576,195844,339844,322956
2018-10-15 00:00:00.000000000,4840.486,4875.124,4832.255,4847.487,164906,322956,312570
2018-10-16 00:00:00.000000000,4846.409,4871.055,4821.239,4833.006,179950,312570,315062
2018-10-17 00:00:00.000000000,4839.873,4871.624,4838.33,4860.896,146058,315062,313422
2018-10-18 00:00:00.000000000,4874.552,4879.112,4777.229,4785.598,195249,313422,307018
2018-10-19 00:00:00.000000000,4777.151,4804.148,4769.467,4788.2,112705,307018,296008
2018-10-22 00:00:00.000000000,4796.024,4825.167,4784.57,4823.718,112438,296008,286386
2018-10-23 00:00:00.000000000,4824.496,4852.603,4810.271,4817.669,126506,286386,288216
2018-10-24 00:00:00.000000000,4803.727,4814.477,4740.86,4756.411,178236,288216,288133
2018-10-25 00:00:00.000000000,4760.924,4773.215,4697.442,4715.181,191301,288133,297014
2018-10-26 00:00:00.000000000,4719.862,4748.25,4709.998,4711.559,140583,297014,301883
2018-10-29 00:00:00.000000000,4684.464,4738.281,4684.464,4724.746,184444,301883,299536
2018-10-30 00:00:00.000000000,4732.975,4756.527,4664.657,4691.115,195008,299536,299076
2018-10-31 00:00:00.000000000,4693.374,4710.27,4669.802,4708.299,120551,299076,292243
2018-11-01 00:00:00.000000000,4694.574,4717.312,4671.49,4679.896,151102,292243,290181
2018-11-02 00:00:00.000000000,4691.678,4706.448,4533.326,4593.652,368131,290181,294783
2018-11-05 00:00:00.000000000,4629.009,4654.153,4615.524,4625.368,152844,294783,280036
2018-11-06 00:00:00.000000000,4616.914,4633.132,4602.056,4605.621,117691,280036,282177
2018-11-07 00:00:00.000000000,4602.076,4620.915,4561.631,4585.794,146792,282177,284715
2018-11-08 00:00:00.000000000,4592.384,4604.142,4518.563,4547.255,181488,284715,286064
2018-11-09 00:00:00.000000000,4544.456,4549.777,4464.383,4487.213,216243,286064,296497
2018-11-12 00:00:00.000000000,4466.157,4493.867,4398.139,4472.687,288116,296497,303589
2018-11-13 00:00:00.000000000,4472.945,4485.407,4431.648,4459.607,140210,303589,301549
2018-11-14 00:00:00.000000000,4443.112,4462.357,4340.475,4366.289,298063,301549,300455
2018-11-15 00:00:00.000000000,4383.821,4396.607,4354.984,4380.954,160679,300455,304126
2018-11-16 00:00:00.000000000,4386.531,4426.053,4368.037,4399.488,200732,304126,301248
2018-11-19 00:00:00.000000000,4333.905,4364.121,4309.686,4340.328,293019,301248,310984
2018-11-20 00:00:00.000000000,4333.473,4346.545,4288.733,4301.991,216509,310984,315337
2018-11-21 00:00:00.000000000,4314.4,4329.304,4241.771,4279.495,299883,315337,324475
2018-11-22 00:00:00.000000000,4308.074,4310.748,4286.962,4304.221,167443,324475,325869
2018-11-23 00:00:00.000000000,4343.071,4364.972,4332.619,4343.688,214124,325869,320878
2018-11-26 00:00:00.000000000,4346.117,4371.48,4315.956,4347.596,237315,320878,318457
2018-11-27 00:00:00.000000000,4288.383,4302.233,4258.204,4279.199,335082,318457,321274
2018-11-28 00:00:00.000000000,4297.635,4333.201,4295.612,4330.237,147296,321274,317768
2018-11-29 00:00:00.000000000,4356.005,4402.398,4346.908,4363.478,213221,317768,313000
2018-11-30 00:00:00.000000000,4382.971,4400.762,4371.973,4388.093,134024,313000,313537
2018-12-03 00:00:00.000000000,4417.304,4453.714,4374.175,4379.121,222017,313537,315061
2018-12-04 00:00:00.000000000,4380.317,4419.188,4360.654,4392.058,193270,315061,311001
2018-12-05 00:00:00.000000000,4407.457,4413.39,4378.742,4393.382,190818,311001,320533
2018-12-06 00:00:00.000000000,4400.611,4436.024,4377.933,4413.928,255691,320533,317987
2018-12-07 00:00:00.000000000,4410.308,4425.235,4353.327,4368.442,204871,317987,322546
2018-12-10 00:00:00.000000000,4381.895,4409.511,4371.522,4395.43,199058,322546,326552
2018-12-11 00:00:00.000000000,4424.942,4437.089,4345.082,4364.23,286244,326552,324272
2018-12-12 00:00:00.000000000,4379.735,4388.351,4360.402,4366.398,155651,324272,321641
2018-12-13 00:00:00.000000000,4382.617,4408.933,4358.767,4387.412,190648,321641,322438
2018-12-14 00:00:00.000000000,4389.289,4418.658,4374.059,4404.948,228409,322438,310924
2018-12-17 00:00:00.000000000,4418.237,4426.961,4374.308,4396.53,179119,310924,309148
2018-12-18 00:00:00.000000000,4411.5,4439.266,4396.594,4436.566,188477,309148,315964
2018-12-19 00:00:00.000000000,4463.354,4507.204,4454.999,4504.028,272019,315964,302315
2018-12-20 00:00:00.000000000,4547.95,4586.529,4528.35,4533.642,301367,302315,289916
2018-12-21 00:00:00.000000000,4563.833,4572.993,4528.836,4544.838,167052,289916,280549
2018-12-24 00:00:00.000000000,4533.876,4554.393,4489.44,4507.488,207712,280549,272386
2018-12-25 00:00:00.000000000,4498.352,4507.73,4425.16,4441.082,211648,272386,263640
2018-12-26 00:00:00.000000000,4442.159,4472.932,4442.159,4460.142,108242,263640,259813
2018-12-27 00:00:00.000000000,4469.071,4497.141,4459.682,4477.133,162417,259813,255760
2018-12-28 00:00:00.000000000,4483.064,4486.288,4457.24,4463.716,146629,255760,245342
2019-01-02 00:00:00.000000000,4493.462,4592.757,4488.467,4592.757,157221,245342,247277
2019-01-03 00:00:00.000000000,4594.675,4629.423,4575.18,4627.042,185931,247277,245282
2019-01-04 00:00:00.000000000,4615.878,4633.308,4597.253,4631.578,172585,245282,241045
2019-01-07 00:00:00.000000000,4647.875,4647.875,4605.427,4632.108,156893,241045,248798
2019-01-08 00:00:00.000000000,4630.071,4682.429,4608.358,4663.547,280009,248798,263032
2019-01-09 00:00:00.000000000,4658.26,4686.74,4643.054,4677.303,175962,263032,265759
2019-01-10 00:00:00.000000000,4672.099,4697.081,4628.911,4629.617,270502,265759,261106
2019-01-11 00:00:00.000000000,4637.219,4647.565,4610.983,4634.019,180943,261106,261967
2019-01-14 00:00:00.000000000,4634.345,4664.831,4593.898,4638.091,336902,261967,264374
2019-01-15 00:00:00.000000000,4617.034,4618.738,4591.63,4615.347,146498,264374,256617
2019-01-16 00:00:00.000000000,4620.451,4633.337,4605.904,4619.899,160160,256617,258550
2019-01-17 00:00:00.000000000,4614.257,4615.978,4573.684,4583.116,194301,258550,251516
2019-01-18 00:00:00.000000000,4601.753,4685.691,4598.056,4683.404,226613,251516,248684
2019-01-21 00:00:00.000000000,4689.167,4772.885,4674.951,4758.354,275532,248684,248058
2019-01-22 00:00:00.000000000,4760.505,4768.792,4719.159,4733.709,228946,248058,236140
2019-01-23 00:00:00.000000000,4745.355,4791.024,4732.169,4755.067,219004,236140,248134
2019-01-24 00:00:00.000000000,4776.306,4794.306,4758.934,4785.425,208322,248134,272319
2019-01-25 00:00:00.000000000,4789.524,4791.531,4761.832,4783.544,174844,272319,272640
2019-01-28 00:00:00.000000000,4778.138,4864.707,4774.148,4849.295,250434,272640,298241
2019-01-29 00:00:00.000000000,4850.818,4852.567,4813.597,4827.856,176857,298241,289255
2019-01-30 00:00:00.000000000,4820.324,4822.314,4767.62,4808.297,241730,289255,286053
2019-01-31 00:00:00.000000000,4816.425,4816.684,4774.46,4784.188,141819,286053,271077
2019-02-01 00:00:00.000000000,4784.159,4793.369,4762.723,4786.129,129887,271077,252982
2019-02-11 00:00:00.000000000,4813.272,4834.13,4769.028,4778.467,115386,252982,256245
2019-02-12 00:00:00.000000000,4772.815,4785.971,4725.943,4770.532,154758,256245,261095
2019-02-13 00:00:00.000000000,4772.937,4790.338,4766.989,4784.641,143778,261095,266064
2019-02-14 00:00:00.000000000,4771.045,4786.754,4761.948,4784.438,184732,266064,275289
2019-02-15 00:00:00.000000000,4785.545,4793.56,4753.393,4773.535,166513,275289,261674
2019-02-18 00:00:00.000000000,4771.57,4820.559,4769.876,4783.385,188459,261674,291121
2019-02-19 00:00:00.000000000,4782.514,4856.117,4778.876,4842.243,251697,291121,301709
2019-02-20 00:00:00.000000000,4799.864,4807.818,4746.466,4749.66,307795,301709,292487
2019-02-21 00:00:00.000000000,4722.575,4747.469,4707.553,4728.057,215601,292487,298733
2019-02-22 00:00:00.000000000,4748.944,4769.574,4716.797,4731.501,185096,298733,298268
2019-02-25 00:00:00.000000000,4731.597,4750.433,4687.006,4693.532,230493,298268,300771
2019-02-26 00:00:00.000000000,4669.608,4693.572,4595.103,4602.481,322067,300771,314785
2019-02-27 00:00:00.000000000,4603.254,4630.097,4588.919,4590.045,175858,314785,312395
2019-02-28 00:00:00.000000000,4562.67,4599.4,4557.704,4588.087,188301,312395,315466
2019-03-01 00:00:00.000000000,4575.731,4665.475,4565.187,4652.471,403873,315466,320195
2019-03-04 00:00:00.000000000,4673.597,4740.65,4623.19,4693.59,373613,320195,333823
2019-03-05 00:00:00.000000000,4671.715,4690.634,4659.438,4673.427,215523,333823,342452
2019-03-06 00:00:00.000000000,4679.013,4724.135,4649.124,4664.694,357477,342452,351333
2019-03-07 00:00:00.000000000,4673.019,4680.5,4620.563,4632.216,263748,351333,355933
2019-03-08 00:00:00.000000000,4630.799,4664.888,4628.498,4639.605,246512,355933,356263
2019-03-11 00:00:00.000000000,4637.719,4678.12,4624.556,4631.326,253226,356263,368531
2019-03-12 00:00:00.000000000,4630.763,4663.537,4610.219,4635.96,280193,368531,374561
2019-03-13 00:00:00.000000000,4636.516,4660.551,4570.529,4572.427,289945,374561,403935
2019-03-14 00:00:00.000000000,4572.78,4586.157,4532.999,4542.041,320444,403935,420137
2019-03-15 00:00:00.000000000,4545.247,4550.388,4504.209,4522.392,305594,420137,431925
2019-03-18 00:00:00.000000000,4530.286,4555.142,4524.198,4541.572,215808,431925,419352
2019-03-19 00:00:00.000000000,4544.973,4546.935,4519.391,4525.028,228740,419352,446396
2019-03-20 00:00:00.000000000,4549.936,4573.564,4536.242,4573.471,282545,446396,439675
2019-03-21 00:00:00.000000000,4588.222,4595.118,4565.787,4586.01,188035,439675,437339
2019-03-22 00:00:00.000000000,4590.982,4592.29,4563.67,4569.239,196965,437339,431023
2019-03-25 00:00:00.000000000,4566.957,4579.522,4516.754,4525.376,256997,431023,438243
2019-03-26 00:00:00.000000000,4532.117,4555.449,4522.931,4525.443,211756,438243,432683
2019-03-27 00:00:00.000000000,4538.003,4555.231,4501.372,4531.391,272636,432683,444086
2019-03-28 00:00:00.000000000,4543.004,4544.175,4468.818,4484.473,312042,444086,442380
2019-03-29 00:00:00.000000000,4474.89,4479.809,4410.786,4438.518,375493,442380,434010
2019-04-01 00:00:00.000000000,4457.365,4472.276,4446.65,4469.259,181306,434010,417095
2019-04-02 00:00:00.000000000,4476.618,4510.594,4456.242,4508.719,209941,417095,401355
2019-04-03 00:00:00.000000000,4519.026,4582.448,4516.079,4551.527,289218,401355,370326
2019-04-04 00:00:00.000000000,4569.082,4589.321,4543.008,4587.466,193115,370326,357326
2019-04-08 00:00:00.000000000,4614.599,4638.384,4584.565,4589.231,146800,357326,351858
2019-04-09 00:00:00.000000000,4590.343,4653.949,4580.659,4648.265,250559,351858,343191
2019-04-10 00:00:00.000000000,4648.478,4650.31,4593.842,4600.709,306933,343191,348578
2019-04-11 00:00:00.000000000,4602.873,4619.295,4585.323,4599.469,209534,348578,362697
2019-04-12 00:00:00.000000000,4602.621,4634.036,4592.955,4629.166,264450,362697,355280
2019-04-15 00:00:00.000000000,4643.542,4645.358,4605.878,4611.085,203845,355280,360615
2019-04-16 00:00:00.000000000,4602.459,4618.396,4566.368,4591.349,211730,360615,361265
2019-04-17 00:00:00.000000000,4600.516,4633.34,4597.314,4624.683,203496,361265,365785
2019-04-18 00:00:00.000000000,4628.513,4645.746,4554.691,4555.788,291458,365785,366540
2019-04-19 00:00:00.000000000,4573.984,4611.541,4571.797,4589.015,196072,366540,355753
2019-04-22 00:00:00.000000000,4595.281,4632.407,4589.208,4589.209,215350,355753,336808
2019-04-23 00:00:00.000000000,4594.47,4615.638,4567.242,4584.244,195585,336808,333850
2019-04-24 00:00:00.000000000,4594.018,4598.3,4534.508,4556.798,219172,333850,332438
2019-04-25 00:00:00.000000000,4570.309,4581.15,4555.069,4567.857,182425,332438,318927
2019-04-26 00:00:00.000000000,4568.087,4581.69,4480.062,4500.22,295457,318927,323424
2019-04-29 00:00:00.000000000,4505.883,4521.514,4495.124,4504.221,174532,323424,317013
2019-04-30 00:00:00.000000000,4511.258,4516.78,4481.366,4503.282,156688,317013,307032
2019-05-06 00:00:00.000000000,4379.596,4460.659,4343.724,4402.756,277826,307032,314006
2019-05-07 00:00:00.000000000,4397.79,4455.242,4396.099,4446.019,234559,314006,323740
2019-05-08 00:00:00.000000000,4452.15,4467.265,4422.437,4429.979,177953,323740,329629
2019-05-09 00:00:00.000000000,4439.934,4463.611,4422.801,4450.768,199357,329629,331846
2019-05-10 00:00:00.000000000,4435.533,4447.561,4412.605,4431.67,220184,331846,333848
2019-05-13 00:00:00.000000000,4425.128,4439.264,4395.091,4401.981,198222,333848,338454
2019-05-14 00:00:00.000000000,4409.454,4447.544,4386.001,4396.901,256372,338454,338165
2019-05-15 00:00:00.000000000,4422.984,4467.933,4417.421,4460.711,256125,338165,339636
2019-05-16 00:00:00.000000000,4461.529,4501.419,4457.623,4498.588,255787,339636,342915
2019-05-17 00:00:00.000000000,4511.055,4537.955,4493.626,4503.398,262608,342915,333402
2019-05-20 00:00:00.000000000,4514.709,4529.263,4503.435,4506.711,158219,333402,332029
2019-05-21 00:00:00.000000000,4512.434,4538.219,4495.608,4518.816,228161,332029,337860
2019-05-22 00:00:00.000000000,4509.15,4520.724,4438.18,4447.381,333195,337860,329581
2019-05-23 00:00:00.000000000,4450.042,4468.961,4399.708,4401.698,236097,329581,325119
2019-05-24 00:00:00.000000000,4387.84,4412.729,4383.483,4400.416,196840,325119,320223
2019-05-27 00:00:00.000000000,4411.324,4443.495,4394.456,4426.824,272003,320223,331648
2019-05-28 00:00:00.000000000,4422.696,4433.683,4412.334,4427.121,204826,331648,345083
2019-05-29 00:00:00.000000000,4443.393,4563.813,4440.05,4531.479,533636,345083,368045
2019-05-30 00:00:00.000000000,4537.911,4546.949,4476.353,4489.427,472581,368045,368326
2019-05-31 00:00:00.000000000,4502.111,4517.905,4492.16,4498.364,189824,368326,370086
2019-06-03 00:00:00.000000000,4491.586,4493.227,4408.854,4410.519,348223,370086,358001
2019-06-04 00:00:00.000000000,4410.681,4456.46,4408.708,4450.045,290600,358001,377185
2019-06-05 00:00:00.000000000,4452.391,4467.263,4428.857,4450.42,236027,377185,373685
2019-06-06 00:00:00.000000000,4448.3,4465.525,4406.916,4421.122,259358,373685,362013
2019-06-10 00:00:00.000000000,4412.668,4441.854,4395.366,4427.598,149263,362013,361373
2019-06-11 00:00:00.000000000,4413.301,4447.267,4409.718,4426.359,222242,361373,374465
2019-06-12 00:00:00.000000000,4427.69,4430.361,4372.21,4376.524,309040,374465,378245
2019-06-13 00:00:00.000000000,4370.693,4414.369,4370.693,4403.042,231253,378245,378915
2019-06-14 00:00:00.000000000,4416.975,4444.744,4411.036,4424.266,226759,378915,376891
2019-06-17 00:00:00.000000000,4423.947,4427.534,4400.449,4414.489,219556,376891,391632
2019-06-18 00:00:00.000000000,4420.084,4429.816,4408.588,4416.085,175413,391632,397508
2019-06-19 00:00:00.000000000,4405.18,4415.77,4388.715,4405.398,279505,397508,398240
2019-06-20 00:00:00.000000000,4415.101,4434.99,4383.087,4392.559,269146,398240,419217
2019-06-21 00:00:00.000000000,4393.966,4399.588,4372.662,4381.68,283377,419217,433185
2019-06-24 00:00:00.000000000,4373.643,4383.23,4340.447,4348.014,278610,433185,443172
2019-06-25 00:00:00.000000000,4347.165,4349.144,4324.107,4341.223,261279,443172,437404
2019-06-26 00:00:00.000000000,4331.008,4334.229,4290.023,4300.121,351736,437404,434523
2019-06-27 00:00:00.000000000,4309.694,4358.712,4305.741,4335.476,280834,434523,429366
2019-06-28 00:00:00.000000000,4332.2,4339.544,4319.558,4336.401,173447,429366,421382
2019-07-01 00:00:00.000000000,4336.118,4384.515,4284.936,4357.619,373864,421382,422076
2019-07-02 00:00:00.000000000,4352.87,4360.778,4318.643,4324.775,258421,422076,432662
2019-07-03 00:00:00.000000000,4339.134,4346.538,4284.138,4298.483,328037,432662,443613
2019-07-04 00:00:00.000000000,4306.939,4315.365,4288.706,4313.105,215288,443613,446438
2019-07-05 00:00:00.000000000,4311.542,4354.356,4296.782,4305.159,408301,446438,468463
2019-07-08 00:00:00.000000000,4304.495,4331.002,4291.308,4303.441,258707,468463,453662
2019-07-09 00:00:00.000000000,4304.721,4314.576,4243.04,4245.042,328467,453662,441851
2019-07-10 00:00:00.000000000,4256.48,4288.484,4248.259,4255.808,231116,441851,430629
2019-07-11 00:00:00.000000000,4271.149,4283.711,4257.348,4267.344,180022,430629,439897
2019-07-12 00:00:00.000000000,4271.837,4272.618,4235.501,4250.467,187472,439897,446706
2019-07-15 00:00:00.000000000,4259.713,4319.074,4249.525,4304.375,327191,446706,454366
2019-07-16 00:00:00.000000000,4308.221,4313.991,4286.932,4294.759,153930,454366,456619
2019-07-17 00:00:00.000000000,4290.071,4295.898,4263.378,4277.444,189647,456619,446505
2019-07-18 00:00:00.000000000,4289.682,4298.128,4254.515,4273.872,195226,446505,446924
2019-07-19 00:00:00.000000000,4279.179,4284.705,4266.281,4270.146,128546,446924,444245
2019-07-22 00:00:00.000000000,4268.308,4291.468,4258.728,4288.255,247904,444245,443461
2019-07-23 00:00:00.000000000,4289.459,4325.969,4282.941,4313.264,254199,443461,437089
2019-07-24 00:00:00.000000000,4318.111,4385.614,4312.273,4374.89,384203,437089,446840
2019-07-25 00:00:00.000000000,4387.018,4411.119,4376.575,4391.691,283710,446840,431628
2019-07-26 00:00:00.000000000,4424.104,4438.663,4398.696,4413.221,223222,431628,426122
2019-07-29 00:00:00.000000000,4427.828,4475.998,4420.745,4447.89,304352,426122,413406
2019-07-30 00:00:00.000000000,4463.014,4475.399,4448.378,4457.773,163127,413406,398228
2019-07-31 00:00:00.000000000,4460.388,4475.495,4437.611,4456.498,159497,398228,394277
2019-08-01 00:00:00.000000000,4457.141,4460.835,4414.276,4432.472,221377,394277,391287
2019-08-02 00:00:00.000000000,4438.486,4484.702,4430.618,4468.953,249711,391287,396409
2019-08-05 00:00:00.000000000,4479.051,4553.786,4469.099,4547.629,358588,396409,399833
2019-08-06 00:00:00.000000000,4563.327,4594.428,4545.379,4572.43,294068,399833,383481
2019-08-07 00:00:00.000000000,4582.4,4584.656,4546.097,4578.707,208084,383481,377310
2019-08-08 00:00:00.000000000,4581.144,4620.668,4569.992,4610.659,311014,377310,366632
2019-08-09 00:00:00.000000000,4634.965,4784.311,4632.156,4746.008,537238,366632,359174
2019-08-12 00:00:00.000000000,4762.92,4835.304,4738.518,4803.308,447562,359174,349569
2019-08-13 00:00:00.000000000,4804.184,4850.189,4791.951,4843.4,310850,349569,353877
2019-08-14 00:00:00.000000000,4842.483,4848.993,4745.448,4804.058,392811,353877,326902
2019-08-15 00:00:00.000000000,4803.813,4830.558,4755.154,4765.421,280579,326902,324283
2019-08-16 00:00:00.000000000,4762.284,4833.13,4729.05,4757.691,466774,324283,310764
2019-08-19 00:00:00.000000000,4761.903,4785.745,4699.166,4721.592,265809,310764,302374
2019-08-20 00:00:00.000000000,4719.842,4769.368,4693.515,4767.199,292950,302374,298401
2019-08-21 00:00:00.000000000,4764.626,4788.718,4726.282,4733.635,305250,298401,301711
2019-08-22 00:00:00.000000000,4779.11,4858.46,4777.338,4846.465,491711,301711,320381
2019-08-23 00:00:00.000000000,4868.191,4906.361,4832.02,4885.146,473571,320381,323150
2019-08-26 00:00:00.000000000,4899.55,5036.589,4879.74,4996.122,505618,323150,333100
2019-08-27 00:00:00.000000000,4971.905,4981.783,4867.852,4873.534,427543,333100,301852
2019-08-28 00:00:00.000000000,4889.058,4927.481,4858.414,4908.923,307242,301852,299476
2019-08-29 00:00:00.000000000,4909.793,4927.848,4841.278,4867.389,323068,299476,294376
2019-08-30 00:00:00.000000000,4850.545,4864.862,4777.5,4792.203,350973,294376,287570
2019-09-02 00:00:00.000000000,4814.393,4901.791,4810.722,4887.27,295118,287570,290958
2019-09-03 00:00:00.000000000,4892.093,4911.482,4833.569,4857.414,330806,290958,301366
2019-09-04 00:00:00.000000000,4816.015,4896.2,4814.314,4877.545,416169,301366,316082
2019-09-05 00:00:00.000000000,4866.95,4878.452,4782.675,4797.451,402023,316082,323128
2019-09-06 00:00:00.000000000,4808.226,4840.172,4741.169,4823.685,415160,323128,323695
2019-09-09 00:00:00.000000000,4849.26,4894.449,4840.46,4866.027,367024,323695,323394
2019-09-10 00:00:00.000000000,4871.474,4927.468,4803.762,4830.376,513344,323394,314377
2019-09-11 00:00:00.000000000,4862.357,4914.136,4844.327,4880.123,402244,314377,321302
2019-09-12 00:00:00.000000000,4860.422,4875.814,4802.751,4817.775,393546,321302,328880
2019-09-16 00:00:00.000000000,4866.109,4975.762,4860.568,4922.149,324341,328880,332364
2019-09-17 00:00:00.000000000,4927.342,5109.182,4922.069,5054.208,616662,332364,381013
2019-09-18 00:00:00.000000000,5025.269,5033.55,4922.836,4925.09,386583,381013,372915
2019-09-19 00:00:00.000000000,4924.84,4958.126,4859.42,4864.676,420843,372915,351812
2019-09-20 00:00:00.000000000,4881.271,4887.988,4825.025,4839.676,339008,351812,345387
2019-09-23 00:00:00.000000000,4850.839,4887.535,4836.455,4865.604,283883,345387,345180
2019-09-24 00:00:00.000000000,4851.445,4851.445,4754.494,4775.917,434888,345180,350305
2019-09-25 00:00:00.000000000,4773.041,4806.472,4753.122,4780.517,355502,350305,353045
2019-09-26 00:00:00.000000000,4777.709,4791.298,4746.426,4786.865,285824,353045,340133
2019-09-27 00:00:00.000000000,4801.084,4804.341,4700.515,4744.544,425273,340133,311424
2019-09-30 00:00:00.000000000,4753.448,4778.715,4695.061,4727.598,258986,311424,289120
2019-10-08 00:00:00.000000000,4786.941,4790.425,4727.379,4782.823,187444,289120,292276
2019-10-09 00:00:00.000000000,4783.692,4868.875,4780.662,4860.636,289822,292276,309363
2019-10-10 00:00:00.000000000,4855.255,4888.346,4826.977,4860.21,351708,309363,314823
2019-10-11 00:00:00.000000000,4859.939,4919.09,4846.04,4898.309,294328,314823,328064
2019-10-14 00:00:00.000000000,4868.077,4868.45,4753.237,4762.965,387258,328064,330662
2019-10-15 00:00:00.000000000,4767.173,4791.785,4748.885,4767.533,212766,330662,332894
2019-10-16 00:00:00.000000000,4797.844,4891.731,4791.639,4887.909,488979,332894,349403
2019-10-17 00:00:00.000000000,4888.212,4922.969,4868.395,4879.658,453215,349403,339147
2019-10-18 00:00:00.000000000,4888.985,4914.985,4863.771,4890.25,327528,339147,332580
2019-10-21 00:00:00.000000000,4920.514,4973.414,4905.035,4956.877,410813,332580,357670
2019-10-22 00:00:00.000000000,4937.709,4938.92,4894.355,4927.891,292626,357670,363571
2019-10-23 00:00:00.000000000,4977.972,5058.627,4964.356,5005.795,565668,363571,392168
2019-10-24 00:00:00.000000000,4989.76,5069.63,4964.353,5067.108,425837,392168,413557
2019-10-25 00:00:00.000000000,5095.593,5213.168,5091.018,5148.682,1288127,413557,457869
2019-10-28 00:00:00.000000000,5151.356,5237.646,5143.037,5229.083,852235,457869,497125
2019-10-29 00:00:00.000000000,5232.86,5239.875,5170.595,5204.309,672613,497125,493735
2019-10-30 00:00:00.000000000,5198.91,5328.342,5184.127,5304.852,1089479,493735,557180
2019-10-31 00:00:00.000000000,5337.448,5364.933,5271.336,5287.292,993283,557180,549263
2019-11-01 00:00:00.000000000,5284.075,5349.468,5263.212,5294.92,873732,549263,558472
2019-11-04 00:00:00.000000000,5281.983,5393.264,5270.09,5368.21,1292462,558472,607972
2019-11-05 00:00:00.000000000,5393.278,5520.826,5380.386,5464.232,2062494,607972,653972
2019-11-06 00:00:00.000000000,5424.846,5485.656,5401.013,5433.147,1805999,653972,660761
2019-11-07 00:00:00.000000000,5486.32,5533.864,5346.634,5370.46,2497680,660761,600181
2019-11-08 00:00:00.000000000,5383.904,5452.841,5329.775,5400.592,1637353,600181,601482
2019-11-11 00:00:00.000000000,5459.577,5606.221,5411.821,5606.221,2256387,601482,687037
2019-11-12 00:00:00.000000000,5589.313,5628.871,5539.37,5582.297,1801886,687037,688298
2019-11-13 00:00:00.000000000,5551.707,5607.666,5517.335,5533.319,1758643,688298,672001
2019-11-14 00:00:00.000000000,5504.588,5518.567,5417.046,5504.739,1856744,672001,652936
2019-11-15 00:00:00.000000000,5517.817,5532.249,5409.48,5445.831,1865284,652936,646402
2019-11-18 00:00:00.000000000,5438.142,5497.584,5417.792,5481.749,1380704,646402,640013
2019-11-19 00:00:00.000000000,5462.678,5556.49,5458.943,5533.984,1485521,640013,678665
2019-11-20 00:00:00.000000000,5552.036,5721.058,5541.827,5709.813,2322341,678665,713472
2019-11-21 00:00:00.000000000,5711.432,5729.608,5623.347,5657.021,1750411,713472,678981
2019-11-22 00:00:00.000000000,5657.1,5687.665,5624.827,5666.612,1363950,678981,682722
2019-11-25 00:00:00.000000000,5778.881,5818.112,5730.434,5791.479,1932379,682722,711945
2019-11-26 00:00:00.000000000,5763.778,5767.816,5546.998,5572.965,2755042,711945,591335
2019-11-27 00:00:00.000000000,5593.33,5619.876,5537.376,5568.333,1623268,591335,590870
2019-11-28 00:00:00.000000000,5608.688,5625.509,5476.398,5527.524,2284945,590870,598527
2019-11-29 00:00:00.000000000,5615.742,5716.434,5585.808,5691.062,2118746,598527,659728
2019-12-02 00:00:00.000000000,5665.826,5702.15,5564.695,5630.653,1979294,659728,678329
2019-12-03 00:00:00.000000000,5658.768,5674.503,5569.934,5665.128,1686974,678329,688021
2019-12-04 00:00:00.000000000,5671.156,5732.532,5631.051,5684.338,2064658,688021,725777
2019-12-05 00:00:00.000000000,5688.386,5751.165,5667.324,5729.333,1615545,725777,737038
2019-12-06 00:00:00.000000000,5758.293,5814.549,5707.595,5804.376,1783947,737038,775313
2019-12-09 00:00:00.000000000,5807.576,5953.511,5788.893,5896.38,2045268,775313,769823
2019-12-10 00:00:00.000000000,5910.423,5960.243,5829.311,5894.816,2062621,769823,766581
2019-12-11 00:00:00.000000000,5874.143,5897.657,5797.534,5836.704,1726728,766581,750940
2019-12-12 00:00:00.000000000,5813.519,5901.132,5783.289,5889.411,1425461,750940,755792
2019-12-13 00:00:00.000000000,5876.773,5963.308,5874.632,5916.961,2258635,755792,763621
2019-12-16 00:00:00.000000000,5866.572,5931.495,5838.598,5918.591,1638844,763621,756758
2019-12-17 00:00:00.000000000,5918.241,5979.452,5905.908,5958.646,1524850,756758,793787
2019-12-18 00:00:00.000000000,5960.328,5970.2,5883.672,5886.109,1465805,793787,771577
2019-12-19 00:00:00.000000000,5900.896,5935.828,5875.707,5918.341,1572032,771577,762725
2019-12-20 00:00:00.000000000,5940.79,6069.628,5935.323,6046.393,2057909,762725,808385
2019-12-23 00:00:00.000000000,6041.554,6093.394,5982.227,6029.787,1590682,808385,796392
2019-12-24 00:00:00.000000000,6024.885,6067.319,5972.95,6042.872,1343417,796392,808627
2019-12-25 00:00:00.000000000,6054.214,6062.058,6020.4,6043.919,828252,808627,799094
2019-12-26 00:00:00.000000000,6026.66,6087.626,5986.723,6077.411,1304378,799094,847684
2019-12-27 00:00:00.000000000,6143.795,6286.229,6137.386,6282.588,2340925,847684,902650
2019-12-30 00:00:00.000000000,6289.252,6304.524,6249.774,6291.432,1477268,902650,910847
2019-12-31 00:00:00.000000000,6320.562,6382.572,6275.779,6341.971,2142946,910847,888380
2020-01-02 00:00:00.000000000,6253.126,6331.027,6249.171,6328.582,1075242,888380,916168
2020-01-03 00:00:00.000000000,6353.027,6392.355,6281.883,6290.207,2071785,916168,910946
2020-01-06 00:00:00.000000000,6322.9,6393.776,6271.899,6300.899,1886187,910946,913382
2020-01-07 00:00:00.000000000,6270.622,6336.552,6222.174,6328.598,1864026,913382,908375
2020-01-08 00:00:00.000000000,6307.469,6374.351,6262.505,6288.171,1666321,908375,881841
