datetime,KQ.i@DCE.m.open,KQ.i@DCE.m.high,KQ.i@DCE.m.low,KQ.i@DCE.m.close,KQ.i@DCE.m.volume,KQ.i@DCE.m.open_oi,KQ.i@DCE.m.close_oi
2016-06-01 00:00:00.000000000,2944.659,2967.703,2882.369,2911.729,3273803,1917269,1940002
2016-06-02 00:00:00.000000000,2911.821,3013.393,2895.156,2988.137,3501130,1940002,1961110
2016-06-03 00:00:00.000000000,2998.24,3056.938,2982.427,3043.711,3589133,1961110,2002381
2016-06-06 00:00:00.000000000,3062.707,3094.559,3019.339,3093.153,3450114,2002381,2011262
2016-06-07 00:00:00.000000000,3098.711,3129.461,3080.685,3125.073,3502223,2011262,2052852
2016-06-08 00:00:00.000000000,3116.388,3168.531,3097.422,3166.207,2959142,2052852,1981242
2016-06-13 00:00:00.000000000,3306.094,3347.615,3256.906,3336.919,2618479,1981242,1960508
2016-06-14 00:00:00.000000000,3331.283,3356.898,3211.025,3224.452,4203909,1960508,1832969
2016-06-15 00:00:00.000000000,3244.479,3275.983,3199.301,3265.576,3707637,1832969,1893025
2016-06-16 00:00:00.000000000,3297.811,3317.847,3177.607,3188.318,4215160,1893025,1908999
2016-06-17 00:00:00.000000000,3192.567,3217.952,3142.634,3214.81,3388605,1908999,1885326
2016-06-20 00:00:00.000000000,3220.173,3252.991,3197.715,3234.722,2789220,1885326,1939782
2016-06-21 00:00:00.000000000,3221.211,3254.426,3205.234,3225.872,2520786,1939782,1934310
2016-06-22 00:00:00.000000000,3183.868,3229.743,3163.175,3226.519,2697576,1934310,1880383
2016-06-23 00:00:00.000000000,3197.514,3259.063,3168.683,3182.875,3217637,1880383,1818257
2016-06-24 00:00:00.000000000,3183.888,3221.241,3139.275,3142.517,4254173,1818257,1735431
2016-06-27 00:00:00.000000000,3121.717,3263.6,3117.249,3258.971,2864720,1735431,1808776
2016-06-28 00:00:00.000000000,3251.7,3380.888,3242.301,3356.281,3980635,1808776,1797849
2016-06-29 00:00:00.000000000,3368.962,3376.055,3296.092,3316.322,3272746,1797849,1818993
2016-06-30 00:00:00.000000000,3318.031,3358.529,3301.654,3349.111,2475362,1818993,1804744
2016-07-01 00:00:00.000000000,3339.111,3515.96,3306.338,3410.52,3103369,1804744,1847080
2016-07-04 00:00:00.000000000,3398.987,3476.238,3386.293,3408.915,2647738,1847080,1810263
2016-07-05 00:00:00.000000000,3410.39,3419.866,3232.887,3316.615,3628762,1810263,1755872
2016-07-06 00:00:00.000000000,3313.971,3343.617,3173.8,3205.712,4154638,1755872,1669079
2016-07-07 00:00:00.000000000,3148.83,3275.745,3073.503,3110.786,4107545,1669079,1642018
2016-07-08 00:00:00.000000000,3150.524,3168.849,2995.924,3040.021,3791941,1642018,1399537
2016-07-11 00:00:00.000000000,3065.919,3154.321,3040.677,3108.939,2699495,1399537,1477130
2016-07-12 00:00:00.000000000,3098.355,3150.725,3096.012,3142.546,2345161,1477130,1426220
2016-07-13 00:00:00.000000000,3131.146,3261.048,3123.358,3244.087,3294586,1426220,1459844
2016-07-14 00:00:00.000000000,3281.085,3304.794,3241.493,3279.207,2334578,1459844,1520931
2016-07-15 00:00:00.000000000,3286.251,3294.498,3135.472,3152.83,2699385,1520931,1472696
2016-07-18 00:00:00.000000000,3137.452,3178.552,3070.696,3079.88,2467873,1472696,1443719
2016-07-19 00:00:00.000000000,3073.163,3151.598,3065.564,3126.415,2242878,1443719,1455984
2016-07-20 00:00:00.000000000,3110.864,3118.056,3005.477,3044.699,2866280,1455984,1446083
2016-07-21 00:00:00.000000000,3029.925,3040.411,2973.974,3022.615,2204358,1446083,1402892
2016-07-22 00:00:00.000000000,3018.917,3037.154,2937.466,2948.115,2187564,1402892,1441452
2016-07-25 00:00:00.000000000,2937.89,2955.66,2885.242,2948.777,2170046,1441452,1461665
2016-07-26 00:00:00.000000000,2958.433,2967.537,2903.291,2943.949,1971634,1461665,1441867
2016-07-27 00:00:00.000000000,2929.898,2975.341,2917.417,2953.443,1777048,1441867,1407135
2016-07-28 00:00:00.000000000,2979.721,2997.104,2952.708,2963.784,1996617,1407135,1411056
2016-07-29 00:00:00.000000000,2954.478,2978.255,2911.428,2915.93,1601837,1411056,1407051
2016-08-01 00:00:00.000000000,2927.304,2978.054,2918.898,2942.58,1328120,1407051,1399171
2016-08-02 00:00:00.000000000,2934.432,2946.126,2868.691,2901.862,1793083,1399171,1384226
2016-08-03 00:00:00.000000000,2893.953,2917.836,2868.482,2886.04,1369020,1384226,1372572
2016-08-04 00:00:00.000000000,2899.607,2904.44,2845.603,2900.795,1581665,1372572,1385993
2016-08-05 00:00:00.000000000,2901.83,2938.874,2877.94,2931.517,1720015,1385993,1387716
2016-08-08 00:00:00.000000000,2922.657,2972.042,2918.876,2939.904,1415098,1387716,1356985
2016-08-09 00:00:00.000000000,2944.026,2966.994,2928.52,2951.879,1135700,1356985,1355512
2016-08-10 00:00:00.000000000,2937.099,2996.143,2934.407,2995.024,1278339,1355512,1375867
2016-08-11 00:00:00.000000000,2986.012,2991.246,2955.426,2972.778,1072512,1375867,1349351
2016-08-12 00:00:00.000000000,2967.653,2996.662,2965.641,2977.336,1136151,1349351,1366509
2016-08-15 00:00:00.000000000,2961.773,3020.748,2928.693,3008.556,1472134,1366509,1395203
2016-08-16 00:00:00.000000000,3003.161,3033.574,3000.814,3016.946,1190686,1395203,1402957
2016-08-17 00:00:00.000000000,3020.251,3025.063,2996.623,3009.161,775484,1402957,1392216
2016-08-18 00:00:00.000000000,3008.882,3030.255,2974.015,2977.26,1195524,1392216,1366274
2016-08-19 00:00:00.000000000,2978.001,2982.456,2929.671,2951.384,1334401,1366274,1343475
2016-08-22 00:00:00.000000000,2949.707,2988.401,2932.919,2970.628,1025692,1343475,1328511
2016-08-23 00:00:00.000000000,2958.341,3000.281,2951.818,2967.54,870267,1328511,1330061
2016-08-24 00:00:00.000000000,2975.093,2985.349,2940.849,2943.724,980922,1330061,1329649
2016-08-25 00:00:00.000000000,2942.837,2949.546,2893.85,2929.461,1179430,1329649,1325483
2016-08-26 00:00:00.000000000,2925.792,2932.261,2871.382,2880.535,1127059,1325483,1327558
2016-08-29 00:00:00.000000000,2884.992,2898.892,2862.398,2883.768,859110,1327558,1315420
2016-08-30 00:00:00.000000000,2872.151,2891.562,2867.581,2875.651,695866,1315420,1315385
2016-08-31 00:00:00.000000000,2870.463,2882.483,2815.413,2818.624,1148951,1315385,1329175
2016-09-01 00:00:00.000000000,2812.796,2840.604,2805.717,2832.26,844297,1329175,1331873
2016-09-02 00:00:00.000000000,2834.166,2864.589,2815.982,2835.649,885869,1331873,1311679
2016-09-05 00:00:00.000000000,2844.715,2865.432,2812.815,2821.538,902021,1311679,1346269
2016-09-06 00:00:00.000000000,2823.982,2849.786,2810.05,2838.799,642887,1346269,1333819
2016-09-07 00:00:00.000000000,2832.205,2899.833,2823.938,2890.646,1139911,1333819,1347374
2016-09-08 00:00:00.000000000,2901.259,2922.673,2891.424,2918.567,936708,1347374,1338073
2016-09-09 00:00:00.000000000,2928.447,2931.652,2897.133,2902.6,717816,1338073,1325610
2016-09-12 00:00:00.000000000,2896.548,2936.475,2886.043,2905.701,979763,1325610,1291688
2016-09-13 00:00:00.000000000,2914.214,2938.467,2868.701,2887.965,1183317,1291688,1246477
2016-09-14 00:00:00.000000000,2870.785,2878.54,2836.734,2849.218,893692,1246477,1198417
2016-09-19 00:00:00.000000000,2901.231,2940.236,2891.723,2927.757,733945,1198417,1219570
2016-09-20 00:00:00.000000000,2926.333,2937.597,2903.887,2923.882,898607,1219570,1246036
2016-09-21 00:00:00.000000000,2928.21,2965.412,2915.819,2934.485,1044351,1246036,1279764
2016-09-22 00:00:00.000000000,2939.725,2953.45,2886.75,2890.188,1284742,1279764,1291429
2016-09-23 00:00:00.000000000,2904.111,2912.121,2854.679,2859.679,905017,1291429,1317488
2016-09-26 00:00:00.000000000,2855.202,2866.15,2823.965,2823.965,884104,1317488,1327557
2016-09-27 00:00:00.000000000,2819.849,2832.23,2793.743,2797.997,1048611,1327557,1330097
2016-09-28 00:00:00.000000000,2804.531,2812.051,2778.331,2806.101,843210,1330097,1285027
2016-09-29 00:00:00.000000000,2801.316,2841.919,2798.003,2837.256,968126,1285027,1134354
2016-09-30 00:00:00.000000000,2834.322,2846.641,2796.812,2827.908,850947,1134354,1098086
2016-10-10 00:00:00.000000000,2820.937,2833.671,2789.125,2815.102,501119,1098086,1095537
2016-10-11 00:00:00.000000000,2812.466,2841.54,2802.19,2814.913,873237,1095537,1159686
2016-10-12 00:00:00.000000000,2812.804,2830.928,2763.995,2780.016,1178659,1159686,1215639
2016-10-13 00:00:00.000000000,2787.308,2810.09,2735.552,2741.722,1422039,1215639,1220569
2016-10-14 00:00:00.000000000,2751.792,2787.322,2723.819,2781.682,1140697,1220569,1169687
2016-10-17 00:00:00.000000000,2786.473,2806.438,2774.661,2797.844,1248653,1169687,1244324
2016-10-18 00:00:00.000000000,2801.535,2831.31,2782.771,2824.488,1104194,1244324,1265269
2016-10-19 00:00:00.000000000,2809.379,2831.72,2789.816,2794.55,996348,1265269,1291350
2016-10-20 00:00:00.000000000,2788.568,2839.915,2784.045,2835.808,995438,1291350,1335587
2016-10-21 00:00:00.000000000,2839.541,2853.331,2804.698,2824.862,1042315,1335587,1340694
2016-10-24 00:00:00.000000000,2830.085,2862.967,2815.038,2858.946,1028871,1340694,1346252
2016-10-25 00:00:00.000000000,2866.014,2875.735,2833.263,2840.731,1038660,1346252,1320849
2016-10-26 00:00:00.000000000,2846.688,2892.756,2830.428,2889.948,1569391,1320849,1390074
2016-10-27 00:00:00.000000000,2885.385,2937.329,2871.069,2932.017,1528391,1390074,1453665
2016-10-28 00:00:00.000000000,2914.006,2938.254,2901.917,2919.465,986384,1453665,1475404
2016-10-31 00:00:00.000000000,2915.602,2926.335,2866.684,2867.959,988063,1475404,1431763
2016-11-01 00:00:00.000000000,2855.044,2879.233,2850.887,2859.58,907595,1431763,1451252
2016-11-02 00:00:00.000000000,2865.529,2876.396,2778.24,2783.326,1400295,1451252,1415942
2016-11-03 00:00:00.000000000,2793.032,2799.024,2769.074,2788.759,747983,1415942,1409372
2016-11-04 00:00:00.000000000,2790.599,2799.642,2762.261,2775.265,862039,1409372,1397222
2016-11-07 00:00:00.000000000,2779.079,2831.358,2779.079,2819.591,931460,1397222,1354461
2016-11-08 00:00:00.000000000,2819.79,2861.443,2818.497,2847.373,903331,1354461,1340331
2016-11-09 00:00:00.000000000,2852.971,2871.035,2821.741,2849.165,1045072,1340331,1334286
2016-11-10 00:00:00.000000000,2865.412,2968.984,2826.036,2937.601,2580125,1334286,1521844
2016-11-11 00:00:00.000000000,2925.663,2972.594,2895.5,2942.203,2688003,1521844,1680421
2016-11-14 00:00:00.000000000,2929.166,2951.211,2791.599,2806.146,2760233,1680421,1466149
2016-11-15 00:00:00.000000000,2793.862,2866.656,2787.863,2818.661,1483640,1466149,1461354
2016-11-16 00:00:00.000000000,2820.509,2870.393,2818.867,2868.664,1203524,1461354,1483428
2016-11-17 00:00:00.000000000,2861.604,2880.736,2846.724,2862.102,1003600,1483428,1515223
2016-11-18 00:00:00.000000000,2862.244,2870.912,2838.17,2857.248,882630,1515223,1498520
2016-11-21 00:00:00.000000000,2864.45,2933.479,2853.099,2920.319,1316112,1498520,1516095
2016-11-22 00:00:00.000000000,2921.927,3009.166,2911.633,2982.602,1638992,1516095,1544739
2016-11-23 00:00:00.000000000,2961.821,3025.2,2955.378,2993.85,1438843,1544739,1622531
2016-11-24 00:00:00.000000000,2988.432,3027.623,2959.342,2976.482,1645392,1622531,1570775
2016-11-25 00:00:00.000000000,2969.836,3003.76,2950.441,2973.508,1165290,1570775,1595115
2016-11-28 00:00:00.000000000,2976.895,3067.808,2969.923,3055.301,2175806,1595115,1845051
2016-11-29 00:00:00.000000000,3043.815,3057.009,2999.713,3016.657,1705979,1845051,1894005
2016-11-30 00:00:00.000000000,2999.552,3015.402,2955.952,2976.918,1767340,1894005,1811021
2016-12-01 00:00:00.000000000,2994.121,3020.223,2962.894,2975.751,1602553,1811021,1839882
2016-12-02 00:00:00.000000000,2980.34,2984.733,2917.907,2936.177,1543186,1839882,1825329
2016-12-05 00:00:00.000000000,2937.002,2956.304,2922.771,2952.073,1082351,1825329,1842116
2016-12-06 00:00:00.000000000,2957.306,2985.975,2947.969,2962.178,1082998,1842116,1829137
2016-12-07 00:00:00.000000000,2983.196,2994.923,2963.023,2980.129,1130576,1829137,1829247
2016-12-08 00:00:00.000000000,2974.597,2983.034,2942.916,2949.691,964770,1829247,1802026
2016-12-09 00:00:00.000000000,2955.577,2957.367,2888.163,2914.053,1239144,1802026,1731293
2016-12-12 00:00:00.000000000,2919.153,2990.217,2911.025,2975.536,1190078,1731293,1652988
2016-12-13 00:00:00.000000000,2958.468,2993.467,2957.82,2991.936,1039966,1652988,1647274
2016-12-14 00:00:00.000000000,2992.388,3001.017,2925.983,2931.611,1394233,1647274,1596869
2016-12-15 00:00:00.000000000,2913.821,2941.729,2907.479,2935.515,864619,1596869,1579437
2016-12-16 00:00:00.000000000,2925.079,2961.027,2916.099,2937.694,867125,1579437,1548935
2016-12-19 00:00:00.000000000,2941.583,2959.599,2920.617,2938.572,988725,1548935,1539233
2016-12-20 00:00:00.000000000,2930.982,2939.368,2857.846,2860.628,1279153,1539233,1486065
2016-12-21 00:00:00.000000000,2860.88,2867.856,2843.747,2847.11,872757,1486065,1495106
2016-12-22 00:00:00.000000000,2847.857,2859.775,2821.919,2823.7,748266,1495106,1477176
2016-12-23 00:00:00.000000000,2823.095,2841.797,2799.26,2817.36,856252,1477176,1465999
2016-12-26 00:00:00.000000000,2817.742,2828.469,2772.751,2781.777,796921,1465999,1451450
2016-12-27 00:00:00.000000000,2782.162,2824.452,2780.209,2818.798,618132,1451450,1408400
2016-12-28 00:00:00.000000000,2822.764,2859.924,2817.882,2846.786,837631,1408400,1408264
2016-12-29 00:00:00.000000000,2851.278,2853.839,2815.097,2837.949,611992,1408264,1396660
2016-12-30 00:00:00.000000000,2844.64,2848.548,2794.609,2808.104,644814,1396660,1398933
2017-01-03 00:00:00.000000000,2795.569,2814.471,2773.254,2777.388,456776,1398933,1426460
2017-01-04 00:00:00.000000000,2778.917,2800.35,2761.213,2795.483,716313,1426460,1392211
2017-01-05 00:00:00.000000000,2796.773,2820.049,2780.981,2790.527,631816,1392211,1405285
2017-01-06 00:00:00.000000000,2789.533,2805.827,2778.15,2795.004,488904,1405285,1410389
2017-01-09 00:00:00.000000000,2793.013,2810.086,2765.446,2778.749,720258,1410389,1440846
2017-01-10 00:00:00.000000000,2776.69,2795.418,2758.473,2780.809,711700,1440846,1450893
2017-01-11 00:00:00.000000000,2778.917,2836.94,2777.917,2825.002,1118534,1450893,1473511
2017-01-12 00:00:00.000000000,2821.204,2833.398,2802.861,2810.844,623029,1473511,1492715
2017-01-13 00:00:00.000000000,2813.835,2889.782,2811.617,2874.374,954673,1492715,1494417
2017-01-16 00:00:00.000000000,2874.518,2915.736,2866.071,2911.745,790842,1494417,1461169
2017-01-17 00:00:00.000000000,2919.093,2952.698,2898.091,2924.092,870417,1461169,1434359
2017-01-18 00:00:00.000000000,2928.877,2958.036,2911.37,2937.779,1053216,1434359,1467238
2017-01-19 00:00:00.000000000,2936.413,2970.841,2928.674,2965.137,846936,1467238,1456786
2017-01-20 00:00:00.000000000,2962.853,2965.314,2926.635,2929.138,655575,1456786,1398516
2017-01-23 00:00:00.000000000,2930.536,2947.454,2915.115,2934.795,564212,1398516,1377665
2017-01-24 00:00:00.000000000,2929.934,2944.149,2918.32,2939.687,466382,1377665,1373799
2017-01-25 00:00:00.000000000,2936.427,2937.413,2882.338,2882.556,628872,1373799,1334273
2017-01-26 00:00:00.000000000,2888.982,2924.826,2888.718,2913.071,419239,1334273,1306368
2017-02-03 00:00:00.000000000,2888.864,2911.993,2854.078,2891.035,402177,1306368,1331382
2017-02-06 00:00:00.000000000,2888.657,2936.303,2887.93,2924.685,985937,1331382,1495801
2017-02-07 00:00:00.000000000,2925.336,2938.523,2915.538,2920.8,571796,1495801,1550342
2017-02-08 00:00:00.000000000,2913.392,2972.709,2903.524,2971.054,929074,1550342,1649924
2017-02-09 00:00:00.000000000,2982.561,2990.318,2959.278,2966.468,748437,1649924,1641119
2017-02-10 00:00:00.000000000,2965.867,3001.783,2960.605,3000.139,726982,1641119,1670322
2017-02-13 00:00:00.000000000,2998.374,3027.721,2978.794,2987.401,990472,1670322,1692496
2017-02-14 00:00:00.000000000,2992.384,3008.279,2956.611,2959.746,766865,1692496,1675213
2017-02-15 00:00:00.000000000,2968.932,2970.674,2936.286,2940.994,742275,1675213,1672023
2017-02-16 00:00:00.000000000,2930.413,2994.924,2926.159,2962.19,990660,1672023,1646842
2017-02-17 00:00:00.000000000,2962.97,2991.335,2902.567,2915.458,1312092,1646842,1592868
2017-02-20 00:00:00.000000000,2918.172,2935.676,2913.173,2929.663,572005,1592868,1603052
2017-02-21 00:00:00.000000000,2936.482,2980.632,2929.06,2965.393,893489,1603052,1621488
2017-02-22 00:00:00.000000000,2963.769,2971.24,2921.077,2929.122,739315,1621488,1615630
2017-02-23 00:00:00.000000000,2932.115,2943.812,2896.521,2898.314,864699,1615630,1583762
2017-02-24 00:00:00.000000000,2900.364,2905.127,2870.52,2893.307,737878,1583762,1561537
2017-02-27 00:00:00.000000000,2895.126,2910.229,2880.703,2904.62,664157,1561537,1584065
2017-02-28 00:00:00.000000000,2908.453,2911.365,2886.799,2895.305,638886,1584065,1588992
2017-03-01 00:00:00.000000000,2895.303,2947.401,2893.303,2925.774,1107122,1588992,1584843
2017-03-02 00:00:00.000000000,2935.43,2962.787,2925.749,2960.654,762026,1584843,1604447
2017-03-03 00:00:00.000000000,2956.152,2957.725,2928.087,2946.856,648831,1604447,1618857
2017-03-06 00:00:00.000000000,2948.171,2975.69,2933.224,2971.418,903686,1618857,1685229
2017-03-07 00:00:00.000000000,2970.868,2979.08,2952.612,2957.143,759701,1685229,1671731
2017-03-08 00:00:00.000000000,2950.625,2956.344,2910.915,2913.049,907446,1671731,1624835
2017-03-09 00:00:00.000000000,2911.427,2918.725,2898.348,2910.117,733473,1624835,1623498
2017-03-10 00:00:00.000000000,2904.773,2914.754,2867.389,2870.334,951581,1623498,1595928
2017-03-13 00:00:00.000000000,2871.949,2891.897,2863.068,2883.324,700490,1595928,1562662
2017-03-14 00:00:00.000000000,2881.025,2898.178,2852.553,2856.481,896141,1562662,1590066
2017-03-15 00:00:00.000000000,2852.865,2893.75,2835.504,2879.946,958015,1590066,1555602
2017-03-16 00:00:00.000000000,2888.499,2895.277,2863.808,2879.805,702565,1555602,1598444
2017-03-17 00:00:00.000000000,2885.543,2887.427,2850.147,2866.575,728384,1598444,1620678
2017-03-20 00:00:00.000000000,2862.844,2906.428,2854.073,2901.736,947485,1620678,1664947
2017-03-21 00:00:00.000000000,2897.98,2907.459,2865.392,2869.98,824105,1664947,1703013
2017-03-22 00:00:00.000000000,2872.995,2877.377,2851.203,2869.101,804077,1703013,1744902
2017-03-23 00:00:00.000000000,2865.064,2874.93,2824.744,2825.811,1227117,1744902,1767055
2017-03-24 00:00:00.000000000,2826.049,2845.843,2807.123,2813.244,807606,1767055,1758683
2017-03-27 00:00:00.000000000,2812.053,2818.666,2784.6,2806.975,771045,1758683,1709214
2017-03-28 00:00:00.000000000,2803.48,2813.706,2793.638,2800.948,659868,1709214,1716698
2017-03-29 00:00:00.000000000,2807.577,2818.064,2789.191,2814.356,731878,1716698,1696718
2017-03-30 00:00:00.000000000,2813.633,2816.446,2774.188,2786.265,819211,1696718,1689563
2017-03-31 00:00:00.000000000,2776.407,2799.523,2769.312,2783.24,485567,1689563,1646557
2017-04-05 00:00:00.000000000,2743.296,2767.788,2738.547,2759.344,640019,1646557,1692695
2017-04-06 00:00:00.000000000,2761.568,2769.211,2751.242,2763.334,716530,1692695,1699857
2017-04-07 00:00:00.000000000,2766.054,2767.779,2732.886,2738.242,804610,1699857,1634479
2017-04-10 00:00:00.000000000,2745.163,2781.546,2741.853,2771.326,820570,1634479,1589361
2017-04-11 00:00:00.000000000,2775.032,2778.225,2756.05,2772.481,620001,1589361,1608596
2017-04-12 00:00:00.000000000,2766.153,2815.981,2750.37,2793.714,1037958,1608596,1566977
2017-04-13 00:00:00.000000000,2797.426,2844.938,2791.763,2843.046,868542,1566977,1543108
2017-04-14 00:00:00.000000000,2842.495,2854.571,2830.302,2836.506,798322,1543108,1467797
2017-04-17 00:00:00.000000000,2836.947,2859.588,2820.723,2831.868,801301,1467797,1520356
2017-04-18 00:00:00.000000000,2830.3,2840.912,2815.801,2818.746,733615,1520356,1516358
2017-04-19 00:00:00.000000000,2813.657,2862.585,2799.393,2860.515,1062261,1516358,1532630
2017-04-20 00:00:00.000000000,2843.009,2854.14,2827.713,2847.681,914488,1532630,1507672
2017-04-21 00:00:00.000000000,2851.602,2851.602,2821.494,2832.421,646055,1507672,1503763
2017-04-24 00:00:00.000000000,2835.416,2869.761,2820.699,2860.076,848681,1503763,1527281
2017-04-25 00:00:00.000000000,2862.335,2868.053,2843.71,2854.437,600584,1527281,1513962
2017-04-26 00:00:00.000000000,2851.988,2859.835,2808.039,2809.884,874453,1513962,1486345
2017-04-27 00:00:00.000000000,2812.596,2830.26,2794.425,2795.412,782417,1486345,1466271
2017-04-28 00:00:00.000000000,2802.4,2811.1,2790.168,2801.547,498670,1466271,1441068
2017-05-02 00:00:00.000000000,2831.254,2884.175,2824.723,2879.311,770229,1441068,1454088
2017-05-03 00:00:00.000000000,2869.789,2873.911,2851.174,2861.85,547342,1454088,1430155
2017-05-04 00:00:00.000000000,2860.812,2874.795,2849.481,2869.698,765096,1430155,1427905
2017-05-05 00:00:00.000000000,2864.85,2888.424,2837.147,2842.138,1066890,1427905,1417866
2017-05-08 00:00:00.000000000,2857.941,2869.34,2818.16,2819.892,949955,1417866,1376029
2017-05-09 00:00:00.000000000,2821.255,2828.053,2810.378,2818.782,556204,1376029,1378779
2017-05-10 00:00:00.000000000,2820.681,2842.945,2818.834,2839.815,497131,1378779,1365133
2017-05-11 00:00:00.000000000,2839.066,2848.517,2815.199,2837.844,709952,1365133,1398266
2017-05-12 00:00:00.000000000,2831.059,2835.731,2791.256,2795.089,838581,1398266,1455920
2017-05-15 00:00:00.000000000,2794.985,2801.297,2782.141,2784.81,585397,1455920,1473399
2017-05-16 00:00:00.000000000,2793.651,2799.649,2761.497,2775.159,643007,1473399,1512407
2017-05-17 00:00:00.000000000,2781.27,2816.583,2777.459,2811.936,620198,1512407,1442475
2017-05-18 00:00:00.000000000,2814.363,2817.999,2760.001,2772.509,673883,1442475,1478670
2017-05-19 00:00:00.000000000,2749.344,2768.831,2737.633,2742.618,937704,1478670,1558634
2017-05-22 00:00:00.000000000,2746.767,2768.775,2733.439,2754.65,823483,1558634,1579955
2017-05-23 00:00:00.000000000,2749.623,2759.954,2739.548,2746.966,484427,1579955,1582159
2017-05-24 00:00:00.000000000,2748.108,2753.368,2716.181,2738.586,908836,1582159,1628054
2017-05-25 00:00:00.000000000,2745.392,2745.939,2730.612,2737.588,389231,1628054,1620020
2017-05-26 00:00:00.000000000,2738.398,2740.576,2695.676,2705.444,747698,1620020,1676825
2017-05-31 00:00:00.000000000,2668.858,2678.076,2611.519,2620.279,844532,1676825,1707395
2017-06-01 00:00:00.000000000,2627.904,2638.316,2620.75,2635.622,528294,1707395,1694287
2017-06-02 00:00:00.000000000,2654.338,2654.338,2617.395,2633.513,555315,1694287,1679654
2017-06-05 00:00:00.000000000,2641.413,2675.336,2636.635,2656.185,718678,1679654,1653745
2017-06-06 00:00:00.000000000,2660.148,2671.156,2649.045,2656.61,459583,1653745,1653296
2017-06-07 00:00:00.000000000,2658.676,2690.963,2653.51,2670.975,727246,1653296,1655826
2017-06-08 00:00:00.000000000,2683.5,2694.582,2674.989,2691.772,612576,1655826,1676058
2017-06-09 00:00:00.000000000,2701.183,2714.434,2691.75,2692.557,602024,1676058,1656161
2017-06-12 00:00:00.000000000,2699.702,2702.96,2672.511,2684.032,731710,1656161,1666497
2017-06-13 00:00:00.000000000,2670.18,2673.402,2654.996,2670.169,639899,1666497,1664099
2017-06-14 00:00:00.000000000,2672.553,2696.538,2672.043,2687.106,563883,1664099,1648707
2017-06-15 00:00:00.000000000,2689.346,2696.086,2658.956,2671.43,698923,1648707,1693946
2017-06-16 00:00:00.000000000,2660.519,2711.177,2652.954,2694.013,786152,1693946,1650630
2017-06-19 00:00:00.000000000,2697.851,2735.885,2684.154,2715.679,885276,1650630,1631494
2017-06-20 00:00:00.000000000,2713.692,2723.072,2700.135,2717.623,536460,1631494,1607192
2017-06-21 00:00:00.000000000,2704.894,2709.565,2690.051,2701.663,512648,1607192,1612330
2017-06-22 00:00:00.000000000,2702.367,2708.333,2660.335,2664.04,718913,1612330,1630561
2017-06-23 00:00:00.000000000,2658.735,2666.422,2639.579,2650.989,625936,1630561,1634445
2017-06-26 00:00:00.000000000,2654.082,2668.408,2639.43,2663.515,518250,1634445,1613750
2017-06-27 00:00:00.000000000,2671.314,2674.822,2658.131,2669.397,428740,1613750,1597618
2017-06-28 00:00:00.000000000,2678.585,2685.147,2654.052,2663.864,574986,1597618,1641963
2017-06-29 00:00:00.000000000,2666.376,2676.26,2660.121,2670.585,582012,1641963,1608458
2017-06-30 00:00:00.000000000,2677.226,2697.077,2650.508,2660.682,821825,1608458,1638635
2017-07-03 00:00:00.000000000,2664.227,2790.664,2659.912,2786.393,1155129,1638635,1543390
2017-07-04 00:00:00.000000000,2798.285,2810.145,2776.25,2804.329,979993,1543390,1574536
2017-07-05 00:00:00.000000000,2803.324,2813.801,2782.549,2798.284,553137,1574536,1564020
2017-07-06 00:00:00.000000000,2800.058,2835.107,2799.716,2820.347,1028117,1564020,1593635
2017-07-07 00:00:00.000000000,2819.959,2847.961,2814.156,2841.413,591653,1593635,1590965
2017-07-10 00:00:00.000000000,2850.032,2952.393,2837.037,2929.629,1405579,1590965,1643360
2017-07-11 00:00:00.000000000,2928.115,2958.64,2898.291,2935.781,1099322,1643360,1508989
2017-07-12 00:00:00.000000000,2916.986,2939.627,2915.412,2923.831,669296,1508989,1478377
2017-07-13 00:00:00.000000000,2915.861,2934.06,2847.964,2857.567,1143009,1478377,1434447
2017-07-14 00:00:00.000000000,2841.224,2855.677,2790.129,2809.024,971539,1434447,1382502
2017-07-17 00:00:00.000000000,2817.834,2832.239,2806.142,2813.134,675103,1382502,1385656
2017-07-18 00:00:00.000000000,2827.135,2841.358,2815.654,2830.883,651857,1385656,1415312
2017-07-19 00:00:00.000000000,2846.753,2861.672,2824.635,2830.515,604583,1415312,1430196
2017-07-20 00:00:00.000000000,2836.11,2858.311,2831.177,2848.51,563807,1430196,1430496
2017-07-21 00:00:00.000000000,2866.232,2881.612,2858.744,2876.232,715773,1430496,1441426
2017-07-24 00:00:00.000000000,2864.194,2869.237,2797.269,2812.561,789516,1441426,1413023
2017-07-25 00:00:00.000000000,2813.935,2878.385,2808.612,2871.323,711738,1413023,1397135
2017-07-26 00:00:00.000000000,2861.239,2865.854,2807.49,2812.35,791694,1397135,1402129
2017-07-27 00:00:00.000000000,2772.115,2829.631,2772.105,2817.621,598867,1402129,1363484
2017-07-28 00:00:00.000000000,2832.827,2858.501,2824.373,2841.714,857433,1363484,1378744
2017-07-31 00:00:00.000000000,2845.491,2868.686,2821.947,2837.344,697240,1378744,1326637
2017-08-01 00:00:00.000000000,2832.32,2852.476,2828.78,2834.838,713745,1326637,1346574
2017-08-02 00:00:00.000000000,2823.354,2834.244,2787.698,2798.396,966773,1346574,1329043
2017-08-03 00:00:00.000000000,2803.251,2807.253,2760.813,2764.034,734869,1329043,1305499
2017-08-04 00:00:00.000000000,2762.965,2774.768,2753.416,2769.485,585457,1305499,1296632
2017-08-07 00:00:00.000000000,2774.864,2794.762,2766.592,2775.925,642687,1296632,1261356
2017-08-08 00:00:00.000000000,2779.169,2823.026,2777.412,2816.511,714400,1261356,1190866
2017-08-09 00:00:00.000000000,2817.582,2825.458,2806.179,2818.538,543399,1190866,1163594
2017-08-10 00:00:00.000000000,2816.058,2831.237,2807.544,2824.963,601846,1163594,1190495
2017-08-11 00:00:00.000000000,2836.61,2850.198,2723.702,2725.285,1283538,1190495,1076193
2017-08-14 00:00:00.000000000,2733.457,2738.179,2714.881,2729.944,534718,1076193,1061007
2017-08-15 00:00:00.000000000,2722.789,2733.932,2715.598,2723.633,469249,1061007,1052491
2017-08-16 00:00:00.000000000,2715.552,2721.26,2699.514,2708.897,463119,1052491,1066099
2017-08-17 00:00:00.000000000,2711.744,2724.33,2703.669,2716.305,500550,1066099,1063876
2017-08-18 00:00:00.000000000,2720.565,2725.838,2715.193,2717.566,384476,1063876,1070268
2017-08-21 00:00:00.000000000,2714.199,2726.931,2709.699,2716.781,540599,1070268,1099401
2017-08-22 00:00:00.000000000,2715.607,2732.815,2688.714,2727.999,838475,1099401,1104290
2017-08-23 00:00:00.000000000,2719.177,2730.418,2716.111,2722.458,593206,1104290,1116627
2017-08-24 00:00:00.000000000,2724.377,2729.903,2697.173,2712.012,685175,1116627,1178928
2017-08-25 00:00:00.000000000,2713.644,2725.425,2707.825,2722.752,479567,1178928,1154487
2017-08-28 00:00:00.000000000,2728.625,2739.954,2717.887,2732.357,576363,1154487,1175434
2017-08-29 00:00:00.000000000,2733.286,2734.218,2707.159,2709.884,528035,1175434,1201546
2017-08-30 00:00:00.000000000,2699.03,2707.993,2689.85,2692.555,537129,1201546,1250436
2017-08-31 00:00:00.000000000,2692.396,2694.399,2678.542,2682.513,470849,1250436,1267433
2017-09-01 00:00:00.000000000,2678.887,2704.156,2675.297,2689.84,581912,1267433,1264268
2017-09-04 00:00:00.000000000,2693.899,2719.168,2686.193,2712.47,595995,1264268,1265589
2017-09-05 00:00:00.000000000,2712.547,2719.271,2706.813,2712.235,438559,1265589,1255733
2017-09-06 00:00:00.000000000,2719.944,2734.396,2713.952,2721.962,630475,1255733,1250833
2017-09-07 00:00:00.000000000,2724.451,2734.666,2715.727,2726.941,528168,1250833,1227381
2017-09-08 00:00:00.000000000,2727.995,2733.424,2695.844,2703.076,682731,1227381,1258602
2017-09-11 00:00:00.000000000,2702.685,2712.621,2691.92,2709.63,509072,1258602,1229452
2017-09-12 00:00:00.000000000,2706.074,2714.322,2698.892,2706.874,420554,1229452,1263763
2017-09-13 00:00:00.000000000,2707.113,2722.579,2676.095,2679.047,1021874,1263763,1344027
2017-09-14 00:00:00.000000000,2682.924,2707.366,2679.47,2700.563,574184,1344027,1280447
2017-09-15 00:00:00.000000000,2706.854,2729.845,2703.416,2724.575,813335,1280447,1278968
2017-09-18 00:00:00.000000000,2720.205,2729.223,2696.225,2727.802,689382,1278968,1259204
2017-09-19 00:00:00.000000000,2720.977,2742.966,2716.982,2716.989,761776,1259204,1312067
2017-09-20 00:00:00.000000000,2718.915,2725.019,2705.6,2717.969,436799,1312067,1298488
2017-09-21 00:00:00.000000000,2720.263,2734.395,2718.472,2727.713,542219,1298488,1324308
2017-09-22 00:00:00.000000000,2727.663,2784.621,2720.236,2774.628,1055434,1324308,1448396
2017-09-25 00:00:00.000000000,2779.423,2799.261,2774.241,2792.794,809230,1448396,1415178
2017-09-26 00:00:00.000000000,2792.196,2792.941,2763.278,2773.02,495205,1415178,1350597
2017-09-27 00:00:00.000000000,2764.895,2770.698,2752.999,2769.708,436823,1350597,1340821
2017-09-28 00:00:00.000000000,2763.683,2772.844,2743.501,2749.211,558611,1340821,1260509
2017-09-29 00:00:00.000000000,2750.17,2766.339,2712.641,2717.54,690590,1260509,1175269
2017-10-09 00:00:00.000000000,2768.168,2787.004,2759.74,2766.409,433158,1175269,1164265
2017-10-10 00:00:00.000000000,2765.598,2776.655,2755.0,2757.673,408551,1164265,1179873
2017-10-11 00:00:00.000000000,2763.295,2774.258,2746.542,2747.906,410877,1179873,1196488
2017-10-12 00:00:00.000000000,2750.23,2761.915,2747.309,2752.955,270612,1196488,1167739
2017-10-13 00:00:00.000000000,2752.6,2836.713,2749.218,2834.49,740367,1167739,1203086
2017-10-16 00:00:00.000000000,2838.691,2851.312,2827.969,2832.317,524286,1203086,1181319
2017-10-17 00:00:00.000000000,2831.818,2855.886,2815.826,2820.875,484101,1181319,1211221
2017-10-18 00:00:00.000000000,2816.074,2822.822,2809.149,2817.297,377771,1211221,1202086
2017-10-19 00:00:00.000000000,2820.412,2832.704,2814.519,2828.704,403971,1202086,1221584
2017-10-20 00:00:00.000000000,2830.94,2838.916,2823.947,2830.888,344832,1221584,1221122
2017-10-23 00:00:00.000000000,2834.248,2851.618,2796.327,2814.274,609441,1221122,1253268
2017-10-24 00:00:00.000000000,2810.154,2822.342,2800.425,2800.446,399385,1253268,1216351
2017-10-25 00:00:00.000000000,2791.388,2812.93,2790.086,2809.606,397996,1216351,1249551
2017-10-26 00:00:00.000000000,2812.848,2818.146,2792.156,2795.5,401459,1249551,1227589
2017-10-27 00:00:00.000000000,2798.74,2806.336,2772.246,2774.889,533769,1227589,1234312
2017-10-30 00:00:00.000000000,2778.329,2792.35,2773.709,2780.759,346141,1234312,1200258
2017-10-31 00:00:00.000000000,2782.912,2784.657,2765.904,2771.458,368262,1200258,1252839
2017-11-01 00:00:00.000000000,2772.06,2788.432,2762.762,2777.89,431413,1252839,1264069
2017-11-02 00:00:00.000000000,2779.148,2800.991,2767.99,2784.286,591171,1264069,1299206
2017-11-03 00:00:00.000000000,2784.306,2799.551,2783.307,2791.902,460651,1299206,1312446
2017-11-06 00:00:00.000000000,2789.633,2793.469,2763.98,2766.976,579339,1312446,1348323
2017-11-07 00:00:00.000000000,2764.969,2787.468,2764.399,2777.789,378751,1348323,1334450
2017-11-08 00:00:00.000000000,2768.582,2786.63,2768.582,2783.709,377062,1334450,1364657
2017-11-09 00:00:00.000000000,2784.399,2800.336,2778.488,2797.885,467053,1364657,1367964
2017-11-10 00:00:00.000000000,2802.123,2805.455,2764.402,2771.689,598492,1367964,1389145
2017-11-13 00:00:00.000000000,2771.399,2803.668,2770.523,2802.342,493684,1389145,1365216
2017-11-14 00:00:00.000000000,2794.365,2806.403,2781.073,2788.395,566675,1365216,1368204
2017-11-15 00:00:00.000000000,2786.979,2807.801,2773.593,2791.649,767191,1368204,1398289
2017-11-16 00:00:00.000000000,2793.896,2822.33,2788.341,2818.086,722853,1398289,1384210
2017-11-17 00:00:00.000000000,2814.225,2825.656,2803.773,2810.976,568205,1384210,1417284
2017-11-20 00:00:00.000000000,2813.29,2871.919,2806.75,2859.615,876952,1417284,1442541
2017-11-21 00:00:00.000000000,2854.829,2883.063,2849.322,2875.574,676510,1442541,1454499
2017-11-22 00:00:00.000000000,2870.014,2879.914,2852.885,2862.261,596060,1454499,1452200
2017-11-23 00:00:00.000000000,2871.525,2883.966,2853.033,2855.131,787411,1452200,1425387
2017-11-24 00:00:00.000000000,2855.788,2875.221,2853.654,2870.04,324194,1425387,1427259
2017-11-27 00:00:00.000000000,2871.093,2877.76,2847.876,2849.924,607498,1427259,1433861
2017-11-28 00:00:00.000000000,2851.876,2867.186,2845.807,2855.34,447763,1433861,1411812
2017-11-29 00:00:00.000000000,2852.371,2856.91,2840.349,2843.793,380609,1411812,1375652
2017-11-30 00:00:00.000000000,2841.87,2858.572,2832.574,2838.123,486373,1375652,1335807
2017-12-01 00:00:00.000000000,2833.591,2835.6,2813.754,2820.902,477794,1335807,1300894
2017-12-04 00:00:00.000000000,2823.367,2888.104,2822.497,2886.197,748086,1300894,1355115
2017-12-05 00:00:00.000000000,2882.927,2889.748,2871.816,2876.964,453235,1355115,1312234
2017-12-06 00:00:00.000000000,2884.108,2936.026,2884.108,2922.48,821386,1312234,1385011
2017-12-07 00:00:00.000000000,2924.396,2925.313,2882.437,2890.237,703955,1385011,1332255
2017-12-08 00:00:00.000000000,2872.471,2889.963,2865.697,2884.922,546184,1332255,1315116
2017-12-11 00:00:00.000000000,2889.049,2893.21,2849.178,2860.476,596803,1315116,1263034
2017-12-12 00:00:00.000000000,2851.855,2866.587,2850.932,2855.187,407140,1263034,1224959
2017-12-13 00:00:00.000000000,2850.653,2857.187,2838.976,2852.821,449203,1224959,1223037
2017-12-14 00:00:00.000000000,2850.283,2861.032,2832.799,2833.635,488423,1223037,1181352
2017-12-15 00:00:00.000000000,2831.674,2838.271,2819.254,2820.895,466556,1181352,1179819
2017-12-18 00:00:00.000000000,2826.117,2830.16,2813.915,2823.723,366880,1179819,1157070
2017-12-19 00:00:00.000000000,2825.99,2840.796,2814.879,2824.371,468883,1157070,1175572
2017-12-20 00:00:00.000000000,2821.671,2830.216,2806.826,2811.165,435395,1175572,1157142
2017-12-21 00:00:00.000000000,2813.671,2814.78,2793.365,2796.008,449579,1157142,1151791
2017-12-22 00:00:00.000000000,2795.902,2804.896,2790.283,2791.274,310996,1151791,1138931
2017-12-25 00:00:00.000000000,2797.592,2810.569,2794.23,2798.505,306102,1138931,1131858
2017-12-26 00:00:00.000000000,2800.428,2828.777,2797.802,2823.516,375843,1131858,1134385
2017-12-27 00:00:00.000000000,2825.435,2832.744,2814.105,2826.853,396460,1134385,1119643
2017-12-28 00:00:00.000000000,2823.066,2825.856,2803.244,2808.07,354466,1119643,1136110
2017-12-29 00:00:00.000000000,2806.047,2808.075,2758.341,2762.469,587980,1136110,1138022
2018-01-02 00:00:00.000000000,2771.493,2776.311,2762.251,2765.003,218562,1138022,1127671
2018-01-03 00:00:00.000000000,2767.644,2781.741,2766.895,2772.887,350807,1127671,1158903
2018-01-04 00:00:00.000000000,2773.75,2774.622,2761.261,2770.128,295331,1158903,1156668
2018-01-05 00:00:00.000000000,2768.136,2779.307,2750.283,2774.571,451902,1156668,1178128
2018-01-08 00:00:00.000000000,2780.373,2781.224,2765.409,2766.261,310853,1178128,1163222
2018-01-09 00:00:00.000000000,2768.513,2787.577,2767.364,2775.057,371941,1163222,1177554
2018-01-10 00:00:00.000000000,2772.877,2776.185,2763.36,2767.042,264546,1177554,1185787
2018-01-11 00:00:00.000000000,2766.243,2770.073,2744.591,2752.663,407105,1185787,1207740
2018-01-12 00:00:00.000000000,2753.222,2755.214,2723.758,2727.035,431485,1207740,1218999
2018-01-15 00:00:00.000000000,2728.588,2761.389,2717.593,2754.924,441722,1218999,1216809
2018-01-16 00:00:00.000000000,2757.61,2761.627,2745.048,2751.231,333140,1216809,1213214
2018-01-17 00:00:00.000000000,2749.792,2766.371,2749.198,2766.169,400473,1213214,1235775
2018-01-18 00:00:00.000000000,2764.411,2773.204,2754.66,2763.629,334573,1235775,1229715
2018-01-19 00:00:00.000000000,2760.562,2779.34,2758.576,2775.924,340038,1229715,1245460
2018-01-22 00:00:00.000000000,2781.483,2788.219,2771.423,2782.323,348791,1245460,1209679
2018-01-23 00:00:00.000000000,2787.004,2792.125,2773.944,2781.106,324062,1209679,1220459
2018-01-24 00:00:00.000000000,2783.705,2785.503,2755.112,2756.09,438739,1220459,1235717
2018-01-25 00:00:00.000000000,2758.733,2779.837,2756.208,2778.287,375498,1235717,1235273
2018-01-26 00:00:00.000000000,2779.918,2782.913,2755.818,2768.32,345093,1235273,1244506
2018-01-29 00:00:00.000000000,2766.798,2808.144,2758.748,2804.764,586903,1244506,1279600
2018-01-30 00:00:00.000000000,2804.89,2808.101,2788.233,2800.19,425870,1279600,1284077
2018-01-31 00:00:00.000000000,2803.14,2816.417,2794.532,2809.036,379879,1284077,1270903
2018-02-01 00:00:00.000000000,2797.195,2799.627,2786.447,2793.151,377551,1270903,1290223
2018-02-02 00:00:00.000000000,2789.326,2790.508,2759.029,2762.493,428970,1290223,1292016
2018-02-05 00:00:00.000000000,2764.037,2772.826,2758.353,2763.078,306606,1292016,1287003
2018-02-06 00:00:00.000000000,2758.835,2769.73,2751.731,2757.714,358662,1287003,1323340
2018-02-07 00:00:00.000000000,2766.147,2801.01,2765.054,2797.612,498168,1323340,1332269
2018-02-08 00:00:00.000000000,2788.24,2800.734,2783.521,2798.021,361438,1332269,1335279
2018-02-09 00:00:00.000000000,2802.839,2810.419,2787.37,2793.436,390654,1335279,1312964
2018-02-12 00:00:00.000000000,2789.765,2836.081,2785.519,2833.284,506267,1312964,1349285
2018-02-13 00:00:00.000000000,2827.831,2847.568,2826.056,2836.585,417846,1349285,1327664
2018-02-14 00:00:00.000000000,2842.956,2857.887,2840.286,2850.682,338709,1327664,1314372
2018-02-22 00:00:00.000000000,2920.498,2949.035,2905.832,2946.323,597176,1314372,1328438
2018-02-23 00:00:00.000000000,2939.675,2948.216,2933.459,2944.22,549427,1328438,1400195
2018-02-26 00:00:00.000000000,2954.452,2980.575,2945.989,2957.555,795182,1400195,1459886
2018-02-27 00:00:00.000000000,2961.506,2978.184,2949.227,2954.34,561421,1459886,1472400
2018-02-28 00:00:00.000000000,2959.124,2993.701,2950.764,2990.0,719972,1472400,1564430
2018-03-01 00:00:00.000000000,2993.779,3034.433,2981.948,3032.179,1003219,1564430,1678573
2018-03-02 00:00:00.000000000,3020.052,3130.489,3016.719,3103.843,1869753,1678573,1739741
2018-03-05 00:00:00.000000000,3103.531,3119.546,3076.582,3092.313,1263080,1739741,1738018
2018-03-06 00:00:00.000000000,3096.769,3112.461,3077.079,3096.041,1173406,1738018,1812535
2018-03-07 00:00:00.000000000,3094.954,3133.324,3082.002,3090.655,1701975,1812535,1927162
2018-03-08 00:00:00.000000000,3087.118,3105.954,3066.83,3089.172,1185094,1927162,1931290
2018-03-09 00:00:00.000000000,3079.563,3119.778,3052.797,3070.456,1745935,1931290,1949247
2018-03-12 00:00:00.000000000,3061.452,3062.806,3006.572,3024.485,1560817,1949247,1869825
2018-03-13 00:00:00.000000000,3018.903,3050.458,3017.992,3031.875,955928,1869825,1862381
2018-03-14 00:00:00.000000000,3041.196,3044.692,3021.321,3035.948,869609,1862381,1872681
2018-03-15 00:00:00.000000000,3037.872,3039.187,2990.524,3009.198,1103873,1872681,1898220
2018-03-16 00:00:00.000000000,3019.909,3054.068,3003.065,3044.544,1395458,1898220,2010539
2018-03-19 00:00:00.000000000,3041.133,3050.054,2999.992,3002.052,1041484,2010539,1954626
2018-03-20 00:00:00.000000000,2992.328,2999.926,2972.149,2986.076,969730,1954626,1936810
2018-03-21 00:00:00.000000000,2983.249,3008.76,2981.393,2998.988,711939,1936810,1948665
2018-03-22 00:00:00.000000000,3004.321,3018.962,2998.858,3004.554,964221,1948665,1968902
2018-03-23 00:00:00.000000000,3005.003,3120.284,3003.319,3049.679,2361985,1968902,1936390
2018-03-26 00:00:00.000000000,3042.845,3117.538,3005.885,3088.154,1918845,1936390,1916070
2018-03-27 00:00:00.000000000,3083.567,3090.167,3038.019,3055.857,1056183,1916070,1935413
2018-03-28 00:00:00.000000000,3059.26,3073.974,3034.997,3042.219,1037160,1935413,1901443
2018-03-29 00:00:00.000000000,3038.426,3038.426,3010.794,3016.904,918114,1901443,1898109
2018-03-30 00:00:00.000000000,3013.513,3168.05,3012.514,3154.349,2177353,1898109,2022560
2018-04-02 00:00:00.000000000,3155.047,3196.325,3144.472,3155.521,1481114,2022560,2027764
2018-04-03 00:00:00.000000000,3156.749,3168.105,3129.313,3156.96,1385932,2027764,2008643
2018-04-04 00:00:00.000000000,3159.109,3222.145,3153.902,3217.049,2134173,2008643,1981133
2018-04-09 00:00:00.000000000,3374.403,3393.605,3284.541,3325.485,2605046,1981133,2018430
2018-04-10 00:00:00.000000000,3320.994,3341.277,3235.837,3247.176,2797140,2018430,2013261
2018-04-11 00:00:00.000000000,3242.245,3258.977,3204.485,3245.109,1746083,2013261,2080738
2018-04-12 00:00:00.000000000,3248.214,3249.211,3210.12,3217.846,1279101,2080738,2090521
2018-04-13 00:00:00.000000000,3215.974,3260.065,3206.114,3229.491,1447167,2090521,2149553
2018-04-16 00:00:00.000000000,3229.764,3232.1,3187.198,3203.593,1260048,2149553,2156415
2018-04-17 00:00:00.000000000,3210.798,3271.303,3172.617,3266.571,1679052,2156415,2232385
2018-04-18 00:00:00.000000000,3262.046,3262.046,3202.016,3230.905,1602483,2232385,2207973
2018-04-19 00:00:00.000000000,3222.944,3227.084,3192.053,3215.247,1309675,2207973,2193358
2018-04-20 00:00:00.000000000,3213.626,3251.481,3206.364,3232.989,1296422,2193358,2243015
2018-04-23 00:00:00.000000000,3230.775,3259.828,3191.143,3205.586,1393916,2243015,2219521
2018-04-24 00:00:00.000000000,3203.495,3212.462,3192.288,3193.921,884891,2219521,2224102
2018-04-25 00:00:00.000000000,3189.41,3230.834,3189.41,3201.714,1141977,2224102,2218380
2018-04-26 00:00:00.000000000,3198.604,3202.309,3175.311,3178.169,988161,2218380,2196925
2018-04-27 00:00:00.000000000,3175.369,3181.952,3135.144,3170.642,1150530,2196925,2160999
2018-05-02 00:00:00.000000000,3202.222,3237.675,3194.851,3228.395,838846,2160999,2104100
2018-05-03 00:00:00.000000000,3224.883,3236.659,3208.851,3228.333,757018,2104100,2095378
2018-05-04 00:00:00.000000000,3226.067,3229.488,3182.195,3210.084,1038715,2095378,2111307
2018-05-07 00:00:00.000000000,3213.25,3247.966,3165.898,3165.898,1347173,2111307,2137616
2018-05-08 00:00:00.000000000,3165.895,3177.668,3096.945,3100.244,1541090,2137616,2163340
2018-05-09 00:00:00.000000000,3110.566,3122.237,3091.78,3117.174,956612,2163340,2158530
2018-05-10 00:00:00.000000000,3112.49,3129.976,3103.71,3125.31,692336,2158530,2169015
2018-05-11 00:00:00.000000000,3125.24,3126.954,3078.638,3083.426,856029,2169015,2157193
2018-05-14 00:00:00.000000000,3076.495,3090.072,3033.011,3040.684,1122550,2157193,2166974
2018-05-15 00:00:00.000000000,3039.801,3072.183,3029.571,3035.258,985867,2166974,2150890
2018-05-16 00:00:00.000000000,3034.617,3036.38,2940.237,2981.662,1761971,2150890,2155054
2018-05-17 00:00:00.000000000,2980.245,3014.177,2953.855,2985.838,1388642,2155054,2147276
2018-05-18 00:00:00.000000000,2989.321,2999.516,2931.684,2970.115,1166213,2147276,2159334
2018-05-21 00:00:00.000000000,2963.923,2983.589,2940.664,2965.96,1145029,2159334,2231267
2018-05-22 00:00:00.000000000,2962.281,2986.687,2958.191,2970.419,755316,2231267,2230094
2018-05-23 00:00:00.000000000,2984.89,3013.427,2970.629,2992.025,1176372,2230094,2312415
2018-05-24 00:00:00.000000000,2989.712,3060.102,2989.115,3056.208,1189736,2312415,2322273
2018-05-25 00:00:00.000000000,3057.885,3067.24,3029.512,3036.889,691347,2322273,2291425
2018-05-28 00:00:00.000000000,3042.496,3061.58,3033.576,3047.563,671010,2291425,2276254
2018-05-29 00:00:00.000000000,3050.213,3094.49,3044.047,3089.863,816796,2276254,2291175
2018-05-30 00:00:00.000000000,3074.178,3095.795,3055.058,3062.565,1338315,2291175,2294706
2018-05-31 00:00:00.000000000,3059.419,3064.933,3020.0,3037.149,1032243,2294706,2295530
2018-06-01 00:00:00.000000000,3049.19,3061.855,3040.925,3047.875,754077,2295530,2289580
2018-06-04 00:00:00.000000000,3049.213,3084.739,3030.931,3064.36,1084555,2289580,2306568
2018-06-05 00:00:00.000000000,3066.304,3071.707,3003.969,3034.122,1196623,2306568,2274997
2018-06-06 00:00:00.000000000,3035.15,3043.604,3021.231,3036.094,616682,2274997,2254894
2018-06-07 00:00:00.000000000,3025.788,3034.18,2993.159,3007.117,789385,2254894,2253494
2018-06-08 00:00:00.000000000,3008.122,3011.033,2883.641,2917.027,1705213,2253494,2216981
2018-06-11 00:00:00.000000000,2921.253,2956.989,2920.26,2935.006,936558,2216981,2180054
2018-06-12 00:00:00.000000000,2929.773,2942.508,2913.126,2937.546,703054,2180054,2156844
2018-06-13 00:00:00.000000000,2935.877,2975.214,2935.233,2966.964,1020377,2156844,2127035
2018-06-14 00:00:00.000000000,2968.854,2993.713,2956.162,2981.328,863197,2127035,2119752
2018-06-15 00:00:00.000000000,2983.976,3009.623,2951.831,2970.638,1235842,2119752,2117036
2018-06-19 00:00:00.000000000,3120.073,3120.904,3033.99,3066.961,2028659,2117036,2119844
2018-06-20 00:00:00.000000000,3070.991,3083.681,3021.708,3053.113,1524555,2119844,2097768
2018-06-21 00:00:00.000000000,3055.187,3063.374,3015.698,3023.378,899460,2097768,2061962
2018-06-22 00:00:00.000000000,3028.399,3036.583,2956.098,2990.79,1154082,2061962,2018642
2018-06-25 00:00:00.000000000,2994.125,3034.046,2990.477,3021.728,718981,2018642,2004827
2018-06-26 00:00:00.000000000,3021.488,3091.509,3003.986,3068.335,1404281,2004827,2031522
2018-06-27 00:00:00.000000000,3075.303,3145.17,3060.206,3128.694,1809021,2031522,2169759
2018-06-28 00:00:00.000000000,3132.639,3146.825,3097.916,3124.723,1469861,2169759,2123910
2018-06-29 00:00:00.000000000,3128.548,3156.378,3119.816,3150.355,1202572,2123910,2132334
2018-07-02 00:00:00.000000000,3157.75,3192.349,3137.865,3184.975,1402913,2132334,2180151
2018-07-03 00:00:00.000000000,3181.493,3192.219,3118.322,3148.295,1485239,2180151,2151469
2018-07-04 00:00:00.000000000,3152.979,3171.777,3116.777,3126.22,1464720,2151469,2124410
2018-07-05 00:00:00.000000000,3126.926,3137.721,3085.325,3132.786,1149317,2124410,2084662
2018-07-06 00:00:00.000000000,3136.555,3162.393,3040.201,3105.149,2606689,2084662,2095730
2018-07-09 00:00:00.000000000,3109.817,3141.627,3087.785,3108.925,1372409,2095730,2112657
2018-07-10 00:00:00.000000000,3084.247,3088.932,3057.078,3081.484,1227142,2112657,2133786
2018-07-11 00:00:00.000000000,3090.618,3134.991,3078.784,3090.344,1498428,2133786,2075313
2018-07-12 00:00:00.000000000,3095.09,3107.737,3069.159,3075.099,1003489,2075313,2048935
2018-07-13 00:00:00.000000000,3077.42,3079.821,3045.45,3047.573,891423,2048935,2048214
2018-07-16 00:00:00.000000000,3041.74,3056.748,3022.081,3050.624,799160,2048214,1976357
2018-07-17 00:00:00.000000000,3044.637,3091.275,3044.135,3079.518,909839,1976357,1954363
2018-07-18 00:00:00.000000000,3081.808,3095.326,3068.519,3069.588,679535,1954363,1935420
2018-07-19 00:00:00.000000000,3073.066,3088.843,3061.431,3087.756,674941,1935420,1909520
2018-07-20 00:00:00.000000000,3089.937,3126.474,3086.36,3109.754,959058,1909520,1945639
2018-07-23 00:00:00.000000000,3108.709,3129.174,3102.175,3106.835,610581,1945639,1889141
2018-07-24 00:00:00.000000000,3105.324,3120.733,3088.633,3107.677,805207,1889141,1904708
2018-07-25 00:00:00.000000000,3107.265,3141.406,3103.949,3126.153,909833,1904708,1942110
2018-07-26 00:00:00.000000000,3124.917,3149.475,3112.893,3142.863,884452,1942110,1933789
2018-07-27 00:00:00.000000000,3145.972,3148.75,3115.289,3124.645,722371,1933789,1898365
2018-07-30 00:00:00.000000000,3126.002,3168.742,3125.004,3165.004,859132,1898365,1906894
2018-07-31 00:00:00.000000000,3168.147,3188.073,3160.336,3171.416,776102,1906894,1918889
2018-08-01 00:00:00.000000000,3186.614,3205.006,3115.217,3127.434,1672788,1918889,1839590
2018-08-02 00:00:00.000000000,3134.3,3151.775,3128.843,3144.975,722160,1839590,1793615
2018-08-03 00:00:00.000000000,3149.309,3156.525,3112.35,3113.967,898043,1793615,1779564
2018-08-06 00:00:00.000000000,3116.677,3150.182,3102.541,3148.756,751492,1779564,1738231
2018-08-07 00:00:00.000000000,3142.383,3177.699,3135.041,3170.069,792469,1738231,1746671
2018-08-08 00:00:00.000000000,3169.487,3248.748,3157.421,3235.069,1312625,1746671,1805945
2018-08-09 00:00:00.000000000,3240.724,3262.988,3223.868,3233.288,1290629,1805945,1811743
2018-08-10 00:00:00.000000000,3232.389,3251.815,3219.872,3233.109,845408,1811743,1782324
2018-08-13 00:00:00.000000000,3230.813,3242.414,3133.171,3162.299,1209840,1782324,1670700
2018-08-14 00:00:00.000000000,3157.093,3208.972,3148.067,3206.839,830401,1670700,1670354
2018-08-15 00:00:00.000000000,3223.507,3244.773,3208.42,3237.487,1056814,1670354,1669742
2018-08-16 00:00:00.000000000,3233.38,3248.993,3180.327,3189.824,1591461,1669742,1578611
2018-08-17 00:00:00.000000000,3188.115,3204.123,3172.496,3176.403,817222,1578611,1540844
2018-08-20 00:00:00.000000000,3181.159,3197.262,3113.439,3141.483,1005806,1540844,1474937
2018-08-21 00:00:00.000000000,3143.137,3146.19,3124.152,3139.505,574851,1474937,1458666
2018-08-22 00:00:00.000000000,3137.104,3176.981,3124.726,3154.701,826894,1458666,1445954
2018-08-23 00:00:00.000000000,3153.566,3165.383,3066.898,3070.764,1350980,1445954,1493630
2018-08-24 00:00:00.000000000,3066.239,3093.942,3065.308,3078.717,808346,1493630,1461133
2018-08-27 00:00:00.000000000,3073.899,3088.146,2983.014,2996.101,1422388,1461133,1469084
2018-08-28 00:00:00.000000000,2993.818,3018.977,2988.585,3003.515,754681,1469084,1464490
2018-08-29 00:00:00.000000000,3006.447,3024.909,2998.596,3012.222,835350,1464490,1499501
2018-08-30 00:00:00.000000000,3018.757,3055.38,3014.087,3046.308,1089562,1499501,1543551
2018-08-31 00:00:00.000000000,3029.03,3050.625,3016.414,3030.969,819634,1543551,1577062
2018-09-03 00:00:00.000000000,3030.63,3061.871,3022.441,3051.227,799358,1577062,1614017
2018-09-04 00:00:00.000000000,3050.016,3056.377,3024.173,3039.039,706772,1614017,1614656
2018-09-05 00:00:00.000000000,3043.013,3057.185,3029.977,3033.683,748959,1614656,1653935
2018-09-06 00:00:00.000000000,3028.243,3040.292,3012.203,3036.424,642258,1653935,1663385
2018-09-07 00:00:00.000000000,3038.729,3046.985,3022.615,3036.229,899099,1663385,1735232
2018-09-10 00:00:00.000000000,3039.882,3114.5,3030.76,3081.849,1456014,1735232,1827472
2018-09-11 00:00:00.000000000,3090.475,3099.606,3073.489,3090.412,763533,1827472,1808189
2018-09-12 00:00:00.000000000,3082.801,3097.234,3063.476,3073.967,1085542,1808189,1832777
2018-09-13 00:00:00.000000000,3065.873,3076.728,2989.288,3003.356,1492696,1832777,1762401
2018-09-14 00:00:00.000000000,3001.538,3027.39,3000.339,3020.525,792975,1762401,1726606
2018-09-17 00:00:00.000000000,3020.616,3062.974,3019.952,3054.766,872104,1726606,1708744
2018-09-18 00:00:00.000000000,3057.785,3087.226,3049.346,3071.451,982934,1708744,1750422
2018-09-19 00:00:00.000000000,3073.404,3078.063,3053.88,3065.517,569826,1750422,1750808
2018-09-20 00:00:00.000000000,3067.431,3089.674,3052.094,3056.817,879317,1750808,1791177
2018-09-21 00:00:00.000000000,3049.312,3072.166,3045.984,3063.737,718624,1791177,1819824
2018-09-25 00:00:00.000000000,3086.681,3144.77,3074.982,3122.624,1113543,1819824,1907850
2018-09-26 00:00:00.000000000,3139.728,3173.75,3138.703,3152.402,988624,1907850,1944085
2018-09-27 00:00:00.000000000,3154.175,3186.494,3140.166,3178.909,722622,1944085,1949372
2018-09-28 00:00:00.000000000,3183.83,3220.957,3161.637,3215.494,1056726,1949372,1941831
2018-10-08 00:00:00.000000000,3259.909,3295.453,3249.98,3288.238,821009,1941831,1974723
2018-10-09 00:00:00.000000000,3285.206,3367.756,3283.353,3323.194,1660044,1974723,2053083
2018-10-10 00:00:00.000000000,3309.103,3332.177,3290.934,3330.591,1157835,2053083,2073528
2018-10-11 00:00:00.000000000,3325.563,3357.238,3296.465,3306.449,1463350,2073528,2079341
2018-10-12 00:00:00.000000000,3304.738,3331.136,3255.183,3267.353,1922559,2079341,1982823
2018-10-15 00:00:00.000000000,3260.671,3280.271,3231.829,3255.611,1359534,1982823,1936019
2018-10-16 00:00:00.000000000,3246.643,3278.8,3227.43,3248.28,1355621,1936019,1872658
2018-10-17 00:00:00.000000000,3239.079,3261.75,3217.2,3260.734,1125794,1872658,1861577
2018-10-18 00:00:00.000000000,3259.283,3283.734,3233.137,3242.431,1133059,1861577,1837369
2018-10-19 00:00:00.000000000,3231.792,3254.324,3222.193,3240.844,799379,1837369,1853369
2018-10-22 00:00:00.000000000,3240.378,3242.424,3192.63,3193.607,1407907,1853369,1761226
2018-10-23 00:00:00.000000000,3187.609,3199.21,3178.791,3183.638,638787,1761226,1740970
2018-10-24 00:00:00.000000000,3175.952,3211.708,3175.638,3210.443,791300,1740970,1749301
2018-10-25 00:00:00.000000000,3216.863,3222.799,3186.893,3199.708,931486,1749301,1691697
2018-10-26 00:00:00.000000000,3195.709,3202.349,3179.294,3201.317,917393,1691697,1680763
2018-10-29 00:00:00.000000000,3202.07,3210.375,3148.186,3152.117,1211972,1680763,1666041
2018-10-30 00:00:00.000000000,3152.59,3155.35,3103.816,3115.197,1006270,1666041,1581943
2018-10-31 00:00:00.000000000,3110.972,3128.191,3108.636,3111.472,550387,1581943,1542012
2018-11-01 00:00:00.000000000,3104.527,3119.448,3050.834,3068.5,1233337,1542012,1477736
2018-11-02 00:00:00.000000000,3064.602,3081.954,2948.67,2965.881,2252348,1477736,1403217
2018-11-05 00:00:00.000000000,2933.667,2993.61,2931.979,2985.414,1483962,1403217,1322001
2018-11-06 00:00:00.000000000,2990.605,3009.436,2988.767,2992.296,942411,1322001,1344919
2018-11-07 00:00:00.000000000,2994.865,3025.434,2985.105,3019.06,1007992,1344919,1351718
2018-11-08 00:00:00.000000000,3017.361,3021.594,2939.198,2978.032,1144278,1351718,1341710
2018-11-09 00:00:00.000000000,2974.462,2974.944,2953.107,2963.166,754940,1341710,1340876
2018-11-12 00:00:00.000000000,2959.647,2970.014,2941.661,2963.98,776982,1340876,1338454
2018-11-13 00:00:00.000000000,2965.477,2973.724,2929.56,2957.042,760328,1338454,1307446
2018-11-14 00:00:00.000000000,2955.421,2955.889,2918.035,2935.657,665668,1307446,1285422
2018-11-15 00:00:00.000000000,2940.765,2946.784,2908.594,2922.222,721088,1285422,1256185
2018-11-16 00:00:00.000000000,2923.05,3003.524,2919.44,2995.301,1092607,1256185,1223863
2018-11-19 00:00:00.000000000,2996.055,2997.013,2976.429,2978.542,558927,1223863,1213047
2018-11-20 00:00:00.000000000,2970.773,2987.1,2945.426,2968.852,837464,1213047,1205559
2018-11-21 00:00:00.000000000,2968.499,3005.709,2948.642,3000.317,905555,1205559,1248874
2018-11-22 00:00:00.000000000,2998.028,3000.373,2969.448,2982.298,543440,1248874,1252391
2018-11-23 00:00:00.000000000,2980.439,2986.154,2905.806,2938.667,869495,1252391,1258688
2018-11-26 00:00:00.000000000,2926.173,2932.558,2826.254,2844.278,1130587,1258688,1286617
2018-11-27 00:00:00.000000000,2834.501,2875.6,2800.685,2826.463,986413,1286617,1248430
2018-11-28 00:00:00.000000000,2833.345,2861.298,2828.126,2854.99,508530,1248430,1225142
2018-11-29 00:00:00.000000000,2859.05,2882.625,2853.034,2865.312,550714,1225142,1207093
2018-11-30 00:00:00.000000000,2862.603,2874.572,2847.833,2858.535,445159,1207093,1201481
2018-12-03 00:00:00.000000000,2850.621,2859.144,2790.718,2838.6,1135689,1201481,1218145
2018-12-04 00:00:00.000000000,2839.384,2841.365,2756.909,2777.615,1284159,1218145,1182977
2018-12-05 00:00:00.000000000,2773.98,2798.416,2765.429,2793.044,979572,1182977,1119517
2018-12-06 00:00:00.000000000,2791.803,2822.615,2788.843,2799.635,861136,1119517,1075696
2018-12-07 00:00:00.000000000,2791.695,2807.216,2771.669,2782.783,789226,1075696,1091944
2018-12-10 00:00:00.000000000,2781.249,2787.969,2751.419,2764.795,819700,1091944,1121759
2018-12-11 00:00:00.000000000,2765.904,2778.108,2749.342,2765.148,674043,1121759,1089945
2018-12-12 00:00:00.000000000,2762.742,2777.633,2739.263,2774.781,655266,1089945,1074805
2018-12-13 00:00:00.000000000,2772.25,2778.646,2749.072,2767.302,729169,1074805,1079525
2018-12-14 00:00:00.000000000,2764.136,2769.35,2692.927,2724.97,1205283,1079525,1110849
2018-12-17 00:00:00.000000000,2719.766,2726.402,2702.376,2712.307,667935,1110849,1084726
2018-12-18 00:00:00.000000000,2709.05,2726.628,2697.975,2723.581,670063,1084726,1080035
2018-12-19 00:00:00.000000000,2723.67,2735.556,2712.974,2728.515,523106,1080035,1047485
2018-12-20 00:00:00.000000000,2724.676,2728.118,2704.727,2714.855,552846,1047485,1036140
2018-12-21 00:00:00.000000000,2714.322,2715.915,2687.566,2695.231,581371,1036140,1041133
2018-12-24 00:00:00.000000000,2688.101,2698.197,2643.799,2662.69,874410,1041133,1086554
2018-12-25 00:00:00.000000000,2654.581,2671.944,2651.983,2662.48,617170,1086554,1058326
2018-12-26 00:00:00.000000000,2659.989,2668.207,2649.288,2659.538,478613,1058326,1032083
2018-12-27 00:00:00.000000000,2661.166,2672.972,2638.72,2646.133,509911,1032083,1037248
2018-12-28 00:00:00.000000000,2646.587,2651.102,2629.025,2644.649,467620,1037248,1020955
2019-01-02 00:00:00.000000000,2645.775,2667.099,2644.169,2664.157,320954,1020955,1018154
2019-01-03 00:00:00.000000000,2664.205,2679.364,2658.492,2676.889,511072,1018154,1019903
2019-01-04 00:00:00.000000000,2675.685,2717.757,2674.506,2711.875,740943,1019903,1016950
2019-01-07 00:00:00.000000000,2711.584,2730.507,2701.624,2713.74,699914,1016950,990463
2019-01-08 00:00:00.000000000,2717.848,2721.301,2690.973,2693.674,518743,990463,989209
2019-01-09 00:00:00.000000000,2694.909,2697.982,2681.701,2689.487,515498,989209,997395
2019-01-10 00:00:00.000000000,2689.745,2703.755,2675.255,2686.976,606270,997395,1004790
2019-01-11 00:00:00.000000000,2685.958,2688.673,2641.228,2644.115,681027,1004790,1045841
2019-01-14 00:00:00.000000000,2642.199,2648.24,2574.445,2583.226,1068437,1045841,1135474
2019-01-15 00:00:00.000000000,2577.504,2598.399,2572.705,2592.466,642955,1135474,1143746
2019-01-16 00:00:00.000000000,2590.722,2599.139,2539.16,2548.096,1044503,1143746,1257601
2019-01-17 00:00:00.000000000,2553.378,2568.72,2546.036,2551.754,802260,1257601,1337886
2019-01-18 00:00:00.000000000,2550.725,2582.567,2542.174,2576.666,953292,1337886,1319877
2019-01-21 00:00:00.000000000,2579.412,2603.059,2571.584,2599.219,892114,1319877,1315956
2019-01-22 00:00:00.000000000,2601.267,2607.881,2572.073,2594.54,780585,1315956,1311764
2019-01-23 00:00:00.000000000,2595.528,2607.767,2580.583,2598.553,729679,1311764,1294375
2019-01-24 00:00:00.000000000,2598.781,2622.975,2594.002,2612.255,776135,1294375,1286083
2019-01-25 00:00:00.000000000,2608.903,2617.41,2589.142,2599.361,658480,1286083,1275577
2019-01-28 00:00:00.000000000,2600.897,2610.468,2592.677,2595.731,521452,1275577,1273510
2019-01-29 00:00:00.000000000,2597.764,2600.498,2553.129,2574.759,692879,1273510,1275028
2019-01-30 00:00:00.000000000,2577.388,2579.097,2562.14,2566.889,439162,1275028,1258554
2019-01-31 00:00:00.000000000,2572.231,2604.493,2568.731,2602.488,618069,1258554,1190433
2019-02-01 00:00:00.000000000,2600.437,2642.208,2591.902,2603.3,914004,1190433,1168797
2019-02-11 00:00:00.000000000,2590.684,2626.516,2578.406,2619.811,621872,1168797,1199807
2019-02-12 00:00:00.000000000,2617.4,2639.266,2612.388,2633.817,812411,1199807,1259723
2019-02-13 00:00:00.000000000,2635.734,2641.45,2609.003,2637.828,804652,1259723,1244782
2019-02-14 00:00:00.000000000,2633.985,2653.143,2614.929,2622.505,904042,1244782,1245123
2019-02-15 00:00:00.000000000,2623.479,2624.438,2589.886,2597.26,719049,1245123,1243837
2019-02-18 00:00:00.000000000,2602.316,2618.225,2584.948,2592.985,765562,1243837,1261453
2019-02-19 00:00:00.000000000,2593.125,2606.092,2589.148,2594.689,565515,1261453,1304209
2019-02-20 00:00:00.000000000,2592.889,2594.792,2537.086,2553.635,1291224,1304209,1419012
2019-02-21 00:00:00.000000000,2548.338,2567.115,2546.043,2556.247,674986,1419012,1443404
2019-02-22 00:00:00.000000000,2567.076,2578.83,2558.578,2566.898,634170,1443404,1443772
2019-02-25 00:00:00.000000000,2566.674,2572.877,2530.832,2546.386,955585,1443772,1485558
2019-02-26 00:00:00.000000000,2553.159,2566.516,2539.238,2545.937,850297,1485558,1497788
2019-02-27 00:00:00.000000000,2539.528,2545.835,2501.452,2505.485,1167744,1497788,1628427
2019-02-28 00:00:00.000000000,2504.513,2516.136,2492.493,2510.279,774119,1628427,1646848
2019-03-01 00:00:00.000000000,2508.765,2552.727,2507.829,2537.26,1945156,1646848,1631524
2019-03-04 00:00:00.000000000,2544.416,2545.577,2504.357,2504.357,1212440,1631524,1714199
2019-03-05 00:00:00.000000000,2505.515,2532.256,2505.515,2515.315,974958,1714199,1714212
2019-03-06 00:00:00.000000000,2515.345,2537.881,2513.284,2535.879,964372,1714212,1697625
2019-03-07 00:00:00.000000000,2537.828,2553.627,2527.099,2551.594,1175461,1697625,1635201
2019-03-08 00:00:00.000000000,2554.527,2557.199,2534.94,2546.119,1114906,1635201,1616851
2019-03-11 00:00:00.000000000,2548.865,2564.358,2535.753,2549.123,1018351,1616851,1613295
2019-03-12 00:00:00.000000000,2548.229,2556.154,2527.396,2534.263,930166,1613295,1632845
2019-03-13 00:00:00.000000000,2537.692,2558.307,2534.5,2557.443,778915,1632845,1622301
2019-03-14 00:00:00.000000000,2554.548,2602.906,2544.286,2588.648,1644268,1622301,1563055
2019-03-15 00:00:00.000000000,2589.461,2599.131,2577.178,2588.641,961228,1563055,1536933
2019-03-18 00:00:00.000000000,2589.66,2600.815,2569.017,2578.612,947909,1536933,1533306
2019-03-19 00:00:00.000000000,2581.522,2593.696,2562.399,2569.967,846959,1533306,1555268
2019-03-20 00:00:00.000000000,2572.869,2575.77,2554.857,2566.129,681067,1555268,1582971
2019-03-21 00:00:00.000000000,2566.888,2576.707,2560.301,2571.605,588752,1582971,1569905
2019-03-22 00:00:00.000000000,2573.327,2590.492,2562.298,2585.489,810776,1569905,1547128
2019-03-25 00:00:00.000000000,2583.672,2592.676,2575.072,2584.203,629057,1547128,1530013
2019-03-26 00:00:00.000000000,2588.766,2597.687,2582.771,2587.699,589715,1530013,1512291
2019-03-27 00:00:00.000000000,2587.204,2592.949,2578.585,2586.338,626806,1512291,1515564
2019-03-28 00:00:00.000000000,2584.713,2586.527,2534.396,2538.287,1071404,1515564,1559112
2019-03-29 00:00:00.000000000,2543.604,2553.853,2533.326,2533.713,818177,1559112,1539070
2019-04-01 00:00:00.000000000,2540.332,2555.122,2531.731,2545.045,786783,1539070,1530032
2019-04-02 00:00:00.000000000,2550.933,2602.258,2549.14,2594.765,1341175,1530032,1468363
2019-04-03 00:00:00.000000000,2598.34,2615.948,2585.467,2600.2,1028917,1468363,1477349
2019-04-04 00:00:00.000000000,2605.288,2611.79,2588.644,2607.666,835045,1477349,1468505
2019-04-08 00:00:00.000000000,2597.089,2628.009,2597.011,2607.73,867591,1468505,1459454
2019-04-09 00:00:00.000000000,2609.292,2614.73,2585.247,2595.245,906927,1459454,1439458
2019-04-10 00:00:00.000000000,2597.674,2604.524,2593.133,2595.842,574058,1439458,1453580
2019-04-11 00:00:00.000000000,2595.888,2610.827,2590.833,2604.231,780718,1453580,1451215
2019-04-12 00:00:00.000000000,2600.447,2603.622,2575.118,2581.047,1053898,1451215,1469859
2019-04-15 00:00:00.000000000,2586.731,2614.848,2583.193,2612.699,987034,1469859,1477885
2019-04-16 00:00:00.000000000,2619.73,2634.975,2609.546,2618.524,1015350,1477885,1459558
2019-04-17 00:00:00.000000000,2617.561,2623.891,2594.592,2599.203,885545,1459558,1458093
2019-04-18 00:00:00.000000000,2598.885,2603.425,2577.596,2595.034,871749,1458093,1482879
2019-04-19 00:00:00.000000000,2597.184,2609.408,2592.208,2599.835,669903,1482879,1443863
2019-04-22 00:00:00.000000000,2600.007,2612.03,2584.906,2600.931,919931,1443863,1422784
2019-04-23 00:00:00.000000000,2599.981,2609.613,2599.172,2604.108,604127,1422784,1410745
2019-04-24 00:00:00.000000000,2607.126,2609.295,2584.9,2595.452,810732,1410745,1383343
2019-04-25 00:00:00.000000000,2596.916,2601.948,2559.109,2562.526,1269644,1383343,1464348
2019-04-26 00:00:00.000000000,2561.8,2571.283,2552.919,2557.198,822673,1464348,1438161
2019-04-29 00:00:00.000000000,2564.841,2572.733,2560.564,2564.836,567170,1438161,1400189
2019-04-30 00:00:00.000000000,2571.654,2573.591,2537.059,2567.394,914771,1400189,1316528
2019-05-06 00:00:00.000000000,2588.534,2617.46,2574.328,2586.325,1036978,1316528,1236367
2019-05-07 00:00:00.000000000,2587.252,2616.597,2585.417,2601.039,1112784,1236367,1203083
2019-05-08 00:00:00.000000000,2600.134,2613.245,2594.962,2609.028,677916,1203083,1224139
2019-05-09 00:00:00.000000000,2618.956,2702.853,2615.991,2688.833,2289204,1224139,1267215
2019-05-10 00:00:00.000000000,2697.831,2714.955,2633.788,2658.251,2423242,1267215,1251356
2019-05-13 00:00:00.000000000,2664.313,2684.952,2646.5,2658.49,1430701,1251356,1327755
2019-05-14 00:00:00.000000000,2672.206,2691.354,2645.728,2666.621,1418336,1327755,1360466
2019-05-15 00:00:00.000000000,2671.985,2694.915,2666.907,2694.915,1036239,1360466,1384061
2019-05-16 00:00:00.000000000,2707.55,2747.106,2700.115,2726.932,1824511,1384061,1404090
2019-05-17 00:00:00.000000000,2744.753,2751.678,2718.132,2719.965,1228626,1404090,1426485
2019-05-20 00:00:00.000000000,2724.035,2747.164,2713.015,2744.516,1166112,1426485,1449157
2019-05-21 00:00:00.000000000,2751.776,2804.972,2741.157,2787.112,1796719,1449157,1514601
2019-05-22 00:00:00.000000000,2792.543,2809.754,2745.59,2772.391,1760378,1514601,1506263
2019-05-23 00:00:00.000000000,2773.247,2798.002,2758.361,2765.606,1491433,1506263,1488902
2019-05-24 00:00:00.000000000,2757.457,2773.169,2741.966,2763.529,1026943,1488902,1460249
2019-05-27 00:00:00.000000000,2771.121,2837.157,2765.496,2818.884,1689262,1460249,1492609
2019-05-28 00:00:00.000000000,2820.604,2859.802,2807.883,2859.802,1428214,1492609,1464741
2019-05-29 00:00:00.000000000,2854.447,2946.07,2838.775,2946.07,1868254,1464741,1525260
2019-05-30 00:00:00.000000000,2960.123,2978.104,2863.322,2895.262,2711615,1525260,1347099
2019-05-31 00:00:00.000000000,2915.176,2937.076,2893.673,2918.011,1922283,1347099,1388159
2019-06-03 00:00:00.000000000,2910.825,2951.859,2879.06,2949.873,2106548,1388159,1412045
2019-06-04 00:00:00.000000000,2941.394,3021.315,2934.619,2973.466,3091397,1412045,1445409
2019-06-05 00:00:00.000000000,2971.095,2990.881,2937.526,2944.312,1865449,1445409,1467512
2019-06-06 00:00:00.000000000,2939.597,2948.264,2859.299,2866.419,2349433,1467512,1372821
2019-06-10 00:00:00.000000000,2832.833,2866.563,2824.889,2856.64,1066824,1372821,1387480
2019-06-11 00:00:00.000000000,2858.053,2884.933,2842.295,2859.754,1320690,1387480,1386541
2019-06-12 00:00:00.000000000,2868.004,2878.008,2834.664,2855.96,1565035,1386541,1377601
2019-06-13 00:00:00.000000000,2873.824,2941.273,2867.624,2908.856,2207104,1377601,1398954
2019-06-14 00:00:00.000000000,2914.522,2922.652,2894.194,2903.693,1101610,1398954,1392293
2019-06-17 00:00:00.000000000,2918.423,2971.405,2907.481,2964.177,1678022,1392293,1416725
2019-06-18 00:00:00.000000000,2963.447,2968.338,2916.99,2933.098,1367467,1416725,1409594
2019-06-19 00:00:00.000000000,2931.331,2939.819,2840.852,2882.917,1869764,1409594,1387922
2019-06-20 00:00:00.000000000,2878.762,2894.67,2857.013,2869.511,1167155,1387922,1358306
2019-06-21 00:00:00.000000000,2879.984,2919.029,2872.826,2877.653,1485392,1358306,1336703
2019-06-24 00:00:00.000000000,2860.991,2920.642,2859.445,2905.448,1499836,1336703,1354375
2019-06-25 00:00:00.000000000,2912.92,2922.281,2888.403,2901.449,1231570,1354375,1337645
2019-06-26 00:00:00.000000000,2901.595,2919.498,2858.604,2882.188,1182979,1337645,1318561
2019-06-27 00:00:00.000000000,2880.898,2898.637,2867.618,2877.956,1072153,1318561,1282033
2019-06-28 00:00:00.000000000,2881.323,2902.584,2853.103,2892.193,1208159,1282033,1256388
2019-07-01 00:00:00.000000000,2895.371,2934.227,2814.511,2866.62,2139011,1256388,1305734
2019-07-02 00:00:00.000000000,2872.925,2880.194,2821.613,2829.018,1311688,1305734,1364049
2019-07-03 00:00:00.000000000,2824.342,2831.8,2803.143,2822.991,1073889,1364049,1367952
2019-07-04 00:00:00.000000000,2831.481,2833.459,2794.213,2811.146,947713,1367952,1365258
2019-07-05 00:00:00.000000000,2813.862,2821.619,2801.018,2812.296,666290,1365258,1361603
2019-07-08 00:00:00.000000000,2816.685,2817.34,2783.979,2784.687,1013283,1361603,1341698
2019-07-09 00:00:00.000000000,2780.532,2783.817,2734.315,2771.45,1358833,1341698,1401229
2019-07-10 00:00:00.000000000,2766.215,2790.969,2760.968,2790.047,984153,1401229,1353587
2019-07-11 00:00:00.000000000,2797.548,2811.774,2781.72,2799.889,1042901,1353587,1312932
2019-07-12 00:00:00.000000000,2803.698,2824.168,2790.332,2819.401,939628,1312932,1308063
2019-07-15 00:00:00.000000000,2823.246,2880.844,2823.246,2870.634,1265979,1308063,1314610
2019-07-16 00:00:00.000000000,2853.171,2860.244,2810.172,2824.012,1093359,1314610,1342515
2019-07-17 00:00:00.000000000,2817.531,2844.673,2814.025,2830.448,1153521,1342515,1363623
2019-07-18 00:00:00.000000000,2844.538,2862.281,2826.704,2832.852,1338694,1363623,1346778
2019-07-19 00:00:00.000000000,2831.475,2845.991,2813.571,2839.798,1017954,1346778,1329777
2019-07-22 00:00:00.000000000,2847.459,2851.426,2799.341,2806.798,1408145,1329777,1327272
2019-07-23 00:00:00.000000000,2812.736,2820.992,2807.24,2817.458,766834,1327272,1316656
2019-07-24 00:00:00.000000000,2805.91,2810.599,2779.441,2806.178,1055682,1316656,1298141
2019-07-25 00:00:00.000000000,2813.307,2819.113,2794.831,2811.82,770347,1298141,1288133
2019-07-26 00:00:00.000000000,2812.83,2813.257,2774.86,2790.545,1013744,1288133,1273784
2019-07-29 00:00:00.000000000,2790.833,2802.413,2776.033,2776.137,661494,1273784,1283497
2019-07-30 00:00:00.000000000,2778.863,2805.961,2777.742,2794.179,753095,1283497,1251832
2019-07-31 00:00:00.000000000,2793.027,2806.683,2784.241,2798.614,821664,1251832,1279692
2019-08-01 00:00:00.000000000,2799.452,2802.976,2768.078,2771.662,854556,1279692,1317365
2019-08-02 00:00:00.000000000,2773.165,2828.644,2747.153,2808.442,1711059,1317365,1292396
2019-08-05 00:00:00.000000000,2813.392,2877.3,2807.14,2856.018,1597750,1292396,1313452
2019-08-06 00:00:00.000000000,2857.38,2894.147,2845.497,2851.286,1325608,1313452,1377404
2019-08-07 00:00:00.000000000,2854.271,2873.335,2851.326,2871.066,1022409,1377404,1424181
2019-08-08 00:00:00.000000000,2871.273,2881.329,2855.176,2865.155,1073753,1424181,1417436
2019-08-09 00:00:00.000000000,2868.395,2905.586,2862.015,2891.426,1140428,1417436,1403345
2019-08-12 00:00:00.000000000,2896.082,2898.597,2860.73,2877.856,1013778,1403345,1368301
2019-08-13 00:00:00.000000000,2876.324,2951.467,2860.128,2927.538,1681698,1368301,1445219
2019-08-14 00:00:00.000000000,2922.784,2933.501,2818.348,2878.036,2077895,1445219,1388980
2019-08-15 00:00:00.000000000,2872.863,2880.281,2849.595,2854.947,907538,1388980,1358831
2019-08-16 00:00:00.000000000,2875.481,2881.565,2835.112,2845.468,933261,1358831,1364119
2019-08-19 00:00:00.000000000,2849.524,2861.06,2840.169,2858.168,649138,1364119,1344786
2019-08-20 00:00:00.000000000,2855.434,2868.445,2842.879,2863.863,795424,1344786,1360460
2019-08-21 00:00:00.000000000,2867.004,2878.864,2851.778,2871.6,833920,1360460,1366364
2019-08-22 00:00:00.000000000,2874.948,2903.241,2869.141,2902.658,871939,1366364,1407532
2019-08-23 00:00:00.000000000,2907.631,2937.015,2894.936,2926.759,1252403,1407532,1474367
2019-08-26 00:00:00.000000000,2935.603,2981.562,2901.868,2945.0,1735149,1474367,1583857
2019-08-27 00:00:00.000000000,2925.688,2939.717,2885.238,2902.796,1238238,1583857,1542028
2019-08-28 00:00:00.000000000,2903.371,2934.614,2902.456,2923.699,878266,1542028,1576057
2019-08-29 00:00:00.000000000,2926.858,2962.213,2913.941,2953.873,1086019,1576057,1589574
2019-08-30 00:00:00.000000000,2931.082,2939.151,2902.123,2904.602,963779,1589574,1568485
2019-09-02 00:00:00.000000000,2907.286,2970.269,2907.286,2942.935,1366647,1568485,1600313
2019-09-03 00:00:00.000000000,2947.124,2968.931,2941.768,2959.23,922531,1600313,1633769
2019-09-04 00:00:00.000000000,2957.853,2978.949,2936.135,2938.699,1236278,1633769,1641371
2019-09-05 00:00:00.000000000,2939.896,2947.221,2887.531,2899.618,1356928,1641371,1636926
2019-09-06 00:00:00.000000000,2899.331,2905.747,2844.71,2858.873,1430958,1636926,1612413
2019-09-09 00:00:00.000000000,2864.526,2874.449,2828.554,2831.278,1196299,1612413,1566855
2019-09-10 00:00:00.000000000,2835.824,2850.192,2833.018,2841.925,638153,1566855,1573668
2019-09-11 00:00:00.000000000,2847.163,2854.984,2817.092,2819.505,1080985,1573668,1564292
2019-09-12 00:00:00.000000000,2819.841,2840.997,2794.734,2834.682,916560,1564292,1488650
2019-09-16 00:00:00.000000000,2813.916,2832.349,2810.284,2825.911,588162,1488650,1481632
2019-09-17 00:00:00.000000000,2825.662,2843.665,2820.45,2839.889,763308,1481632,1489382
2019-09-18 00:00:00.000000000,2836.862,2848.712,2829.879,2839.533,682889,1489382,1515265
2019-09-19 00:00:00.000000000,2836.649,2853.896,2829.524,2839.009,807857,1515265,1506444
2019-09-20 00:00:00.000000000,2841.707,2847.779,2819.266,2838.489,780218,1506444,1504245
2019-09-23 00:00:00.000000000,2837.77,2864.368,2829.243,2836.938,955366,1504245,1486093
2019-09-24 00:00:00.000000000,2830.049,2836.71,2817.119,2824.303,746915,1486093,1476121
2019-09-25 00:00:00.000000000,2827.117,2857.959,2823.653,2853.344,1094938,1476121,1391120
2019-09-26 00:00:00.000000000,2847.799,2851.131,2826.953,2831.378,693647,1391120,1336958
2019-09-27 00:00:00.000000000,2835.209,2839.994,2813.158,2819.19,685867,1336958,1287799
2019-09-30 00:00:00.000000000,2817.185,2849.062,2814.509,2844.103,608609,1287799,1251847
2019-10-08 00:00:00.000000000,2889.552,2906.918,2870.05,2876.434,942347,1251847,1364201
2019-10-09 00:00:00.000000000,2880.874,2933.51,2880.828,2933.51,1261462,1364201,1607136
2019-10-10 00:00:00.000000000,2938.396,2941.69,2915.056,2933.432,1100909,1607136,1655529
2019-10-11 00:00:00.000000000,2935.455,2976.646,2924.411,2969.138,1445512,1655529,1844712
2019-10-14 00:00:00.000000000,2964.972,2965.88,2927.692,2941.162,1603419,1844712,1891274
2019-10-15 00:00:00.000000000,2939.37,2960.11,2930.104,2941.629,1108694,1891274,1935607
2019-10-16 00:00:00.000000000,2938.354,2970.145,2930.85,2942.632,1156304,1935607,1969073
2019-10-17 00:00:00.000000000,2944.699,2948.356,2928.776,2943.586,823678,1969073,1995713
2019-10-18 00:00:00.000000000,2943.937,2992.814,2942.457,2957.017,2004570,1995713,2156510
2019-10-21 00:00:00.000000000,2954.422,3029.472,2948.924,3027.708,2156727,2156510,2314493
2019-10-22 00:00:00.000000000,3032.21,3032.981,2994.959,3014.311,1716321,2314493,2380330
2019-10-23 00:00:00.000000000,3014.675,3021.716,2997.788,3009.787,1501541,2380330,2401956
2019-10-24 00:00:00.000000000,3002.539,3013.514,2980.4,2997.632,1435685,2401956,2431630
2019-10-25 00:00:00.000000000,2996.024,3004.447,2984.674,2996.915,1053847,2431630,2412954
2019-10-28 00:00:00.000000000,2995.55,2995.55,2936.088,2941.399,1655972,2412954,2323917
2019-10-29 00:00:00.000000000,2942.986,2949.846,2934.123,2943.473,837247,2323917,2310072
2019-10-30 00:00:00.000000000,2939.533,2965.453,2938.67,2944.152,1103700,2310072,2296588
2019-10-31 00:00:00.000000000,2941.713,2958.473,2909.949,2910.119,1474051,2296588,2307270
2019-11-01 00:00:00.000000000,2909.218,2921.789,2885.692,2918.492,1384664,2307270,2324291
2019-11-04 00:00:00.000000000,2919.89,2929.449,2911.738,2920.727,896721,2324291,2373704
2019-11-05 00:00:00.000000000,2920.689,2929.943,2902.421,2911.325,1033806,2373704,2424605
2019-11-06 00:00:00.000000000,2904.47,2914.361,2861.323,2870.192,1399777,2424605,2450484
2019-11-07 00:00:00.000000000,2875.015,2882.136,2852.773,2876.256,1072248,2450484,2465920
2019-11-08 00:00:00.000000000,2871.306,2899.27,2857.594,2878.15,1394190,2465920,2531390
2019-11-11 00:00:00.000000000,2878.542,2881.73,2831.192,2834.095,1370598,2531390,2517463
2019-11-12 00:00:00.000000000,2832.733,2838.481,2800.263,2825.025,1405653,2517463,2521960
2019-11-13 00:00:00.000000000,2825.229,2837.593,2820.796,2830.546,896000,2521960,2532699
2019-11-14 00:00:00.000000000,2829.734,2839.834,2811.697,2818.456,902362,2532699,2534564
2019-11-15 00:00:00.000000000,2816.537,2823.3,2786.493,2810.315,1215131,2534564,2513205
2019-11-18 00:00:00.000000000,2812.12,2845.374,2811.063,2821.805,1235263,2513205,2543041
2019-11-19 00:00:00.000000000,2822.814,2832.34,2806.071,2816.827,917436,2543041,2560542
2019-11-20 00:00:00.000000000,2819.072,2831.316,2808.395,2811.917,991725,2560542,2597414
2019-11-21 00:00:00.000000000,2810.898,2818.76,2802.245,2806.957,1117137,2597414,2615244
2019-11-22 00:00:00.000000000,2806.819,2810.223,2787.36,2789.557,733568,2615244,2633937
2019-11-25 00:00:00.000000000,2790.086,2811.889,2776.708,2798.517,1220410,2633937,2634633
2019-11-26 00:00:00.000000000,2799.484,2824.262,2788.326,2800.901,1196211,2634633,2633681
2019-11-27 00:00:00.000000000,2801.865,2808.74,2773.642,2784.699,1093831,2633681,2660749
2019-11-28 00:00:00.000000000,2785.652,2793.261,2779.176,2788.98,691072,2660749,2640851
2019-11-29 00:00:00.000000000,2788.979,2801.757,2764.202,2798.335,1733485,2640851,2537250
2019-12-02 00:00:00.000000000,2798.587,2800.767,2764.389,2769.984,1242620,2537250,2629575
2019-12-03 00:00:00.000000000,2772.138,2787.877,2763.228,2779.712,1283492,2629575,2620317
2019-12-04 00:00:00.000000000,2789.575,2793.739,2765.088,2767.547,1133068,2620317,2664294
2019-12-05 00:00:00.000000000,2769.146,2777.41,2731.276,2775.614,1985811,2664294,2577796
2019-12-06 00:00:00.000000000,2774.114,2802.983,2765.256,2772.156,1736921,2577796,2613583
2019-12-09 00:00:00.000000000,2775.396,2807.087,2774.237,2799.265,1420086,2613583,2613833
2019-12-10 00:00:00.000000000,2802.377,2809.569,2776.402,2791.792,1432306,2613833,2673966
2019-12-11 00:00:00.000000000,2791.697,2814.692,2785.7,2801.73,1469509,2673966,2699404
2019-12-12 00:00:00.000000000,2803.538,2807.551,2781.225,2782.365,1123491,2699404,2740379
2019-12-13 00:00:00.000000000,2781.123,2782.97,2742.47,2757.454,1834844,2740379,2806070
2019-12-16 00:00:00.000000000,2758.532,2777.338,2756.365,2775.313,1265911,2806070,2731858
2019-12-17 00:00:00.000000000,2774.801,2784.258,2765.713,2771.57,877421,2731858,2737898
2019-12-18 00:00:00.000000000,2771.197,2788.185,2767.601,2779.28,979251,2737898,2717396
2019-12-19 00:00:00.000000000,2781.778,2783.307,2754.356,2757.713,1119445,2717396,2774906
2019-12-20 00:00:00.000000000,2758.11,2766.506,2748.532,2752.309,938652,2774906,2765344
2019-12-23 00:00:00.000000000,2750.957,2775.258,2742.599,2766.663,1080113,2765344,2721970
2019-12-24 00:00:00.000000000,2771.468,2782.105,2763.394,2766.413,914530,2721970,2720596
2019-12-25 00:00:00.000000000,2764.55,2768.331,2752.105,2756.146,734210,2720596,2765713
2019-12-26 00:00:00.000000000,2754.806,2759.848,2741.614,2751.757,831697,2765713,2804046
2019-12-27 00:00:00.000000000,2752.377,2759.768,2748.682,2752.574,731056,2804046,2794546
2019-12-30 00:00:00.000000000,2754.626,2793.989,2750.547,2792.784,1861732,2794546,2858872
2019-12-31 00:00:00.000000000,2795.294,2809.567,2784.376,2791.894,1425257,2858872,2925246
2020-01-02 00:00:00.000000000,2800.226,2805.91,2790.267,2793.209,912340,2925246,2952963
2020-01-03 00:00:00.000000000,2794.13,2805.503,2781.041,2781.798,1161083,2952963,2945306
2020-01-06 00:00:00.000000000,2778.189,2784.18,2751.475,2760.5,1374796,2945306,2984011
2020-01-07 00:00:00.000000000,2761.156,2771.047,2759.604,2766.697,857742,2984011,2985654
2020-01-08 00:00:00.000000000,2761.893,2765.97,2741.995,2750.095,1547694,2985654,3077696
